STATION,DATE,DEWP,FRSHTT,GUST,MAX,MIN,MXSPD,PRCP,SLP,SNDP,STP,TEMP,VISIB,WDSP
72434013994,1/1/20,24,0,22.9,57.9,28.9,15,0,1012.8,999.9,986.3,41.6,10,8.1
72434013994,1/2/20,31,0,22,57.9,29.1,14,0,1004.5,999.9,978.8,48,10,8.3
72434013994,1/3/20,38.8,0,999.9,57,37.9,11.1,0,1008.4,999.9,983.1,43.6,8.9,4.8
72434013994,1/4/20,29.8,1000,22.9,50,33.1,15,0,1017.1,999.9,991.7,37.2,9.5,9.5
72434013994,1/5/20,24.2,0,28.9,55.9,27,20,0,1022,999.9,995.2,38.7,10,7.8
72434013994,1/6/20,22.3,0,999.9,55.9,26.1,8,0,1023.5,999.9,997,38.6,10,4.4
72434013994,1/7/20,22.6,0,24.1,50,27.1,17.1,0,1020.2,999.9,993.9,39.7,10,8.1
72434013994,1/8/20,16.9,0,999.9,48,28.9,14,0,1026.3,999.9,0,38.2,10,7.8
72434013994,1/9/20,30.2,10000,29.9,57,31.1,18.1,0,1019.7,999.9,993,47.9,10,13.5
72434013994,1/10/20,52.8,10010,25.1,60.1,43,15,1.03,1016,1.2,990,55.8,6.7,8.7
72434013994,1/11/20,40.4,11010,39,61,32,25.1,2.66,1010.2,1.2,984.2,43.3,6.2,10.3
72434013994,1/12/20,24.4,1000,24.1,33.1,26.1,15,0.64,1024.4,2,997.1,28.4,8.2,7.5
72434013994,1/13/20,29.3,0,999.9,37.9,26.1,12,0,1026,1.2,999.1,33.2,7.5,7.3
72434013994,1/14/20,36,0,999.9,52,31.1,11.1,0,1021.8,2,995.1,39.7,7.7,4.1
72434013994,1/15/20,43.6,10000,19,57.9,32,14,0.01,1018.8,999.9,992.4,47.3,6,5.6
72434013994,1/16/20,21,0,25.1,57.9,21,19,0,1037.4,999.9,9.9,30.1,9.8,10.4
72434013994,1/17/20,18.4,11000,22.9,33.1,23,18.1,0,1037.7,999.9,9.2,27.1,9.2,9.6
72434013994,1/18/20,33,10000,36.9,51.1,24.1,28,1.51,1019.6,999.9,990.6,38.4,7.2,14.5
72434013994,1/19/20,6.8,0,36.9,30.9,14,20,0.02,1029.7,999.9,3,20.7,10,15.1
72434013994,1/20/20,9.6,1000,999.9,24.1,14,12,0,1038.3,999.9,10.2,17.9,9.4,6.7
72434013994,1/21/20,15.2,1000,19,33.1,15.1,12,0,1038.6,999.9,10.7,22.5,9,5.8
72434013994,1/22/20,18.5,10000,20,37,15.1,14,0,1027.5,999.9,999.6,29,10,9.6
72434013994,1/23/20,29.3,11000,20,37,25.2,12,0.23,1018.1,1.2,991,33.5,5.7,8.2
72434013994,1/24/20,31.9,101000,999.9,36,32,14,0.33,1011.8,1.2,985.2,34.1,4,5
72434013994,1/25/20,28.3,11000,26,36,32,19,0.01,1017.4,1.2,990.9,33.8,8.7,11.6
72434013994,1/26/20,26,0,999.9,44.1,26.1,6,0,1017.8,999.9,990.9,32.7,9.5,2
72434013994,1/27/20,28.1,100000,999.9,44.1,26.1,8.9,0,1016.7,999.9,990.1,31.3,4.5,4.4
72434013994,1/28/20,27.2,11000,999.9,33.1,28.9,7,0,1021,999.9,994.1,30.6,5.1,3.9
72434013994,1/29/20,27.3,11000,999.9,34,28.9,9.9,0.01,1021.5,999.9,994.8,31.1,6.6,5.9
72434013994,1/30/20,28.4,1000,999.9,37,28.9,7,0.04,1023.4,999.9,996.6,32.6,7.5,2.9
72434013994,1/31/20,32.4,10000,999.9,44.1,31.1,7,0,1021.2,999.9,994.6,38.2,7.3,3.5
72434013994,2/1/20,32.1,10000,19,45,34,15,0,1017.8,999.9,991.5,40.6,10,7.3
72434013994,2/2/20,31,0,25.1,70,34,15.9,0,1010.1,999.9,983.8,50.8,10,10
72434013994,2/3/20,34.8,0,25.1,73.9,39.9,18.1,0,1005.7,999.9,980.1,53.4,10,5.3
72434013994,2/4/20,37.2,10000,22,73.9,36,14,0,1008.9,999.9,984.6,47.3,8.9,9.9
72434013994,2/5/20,27.7,11000,22,36,30.9,14,0.13,1016.9,999.9,989.3,33.3,7.5,10.3
72434013994,2/6/20,24,11000,20,34,27,13,0.23,1006.6,999.9,979.8,29,8.8,8.9
72434013994,2/7/20,20.9,1000,18.1,39,25,9.9,0,1009.3,999.9,982.4,31.5,9.8,6.5
72434013994,2/8/20,24.3,1000,18.1,39,26.2,14,0.05,1021.3,999.9,994.2,32.6,9,8.3
72434013994,2/9/20,30.6,11010,26,57.9,27,15.9,0,1020.6,999.9,993.4,38.8,9.5,9.2
72434013994,2/10/20,34.5,10000,18.1,57.9,30.2,14,0.58,1020.4,999.9,993.4,38,6.2,8
72434013994,2/11/20,28,1000,17.1,45,32,14,0.05,1023.4,999.9,996.6,36.4,8.8,5.9
72434013994,2/12/20,28.6,11000,999.9,45,32,11.1,0,1020,999.9,991.3,35.3,7.7,4.2
72434013994,2/13/20,20.9,11000,27,37,12.9,20,0.45,1022.1,999.9,993.1,25.5,6.2,11.3
72434013994,2/14/20,-1,1000,15.9,34,5,13,0.02,1036.9,999.9,8.8,12.1,9.7,6.2
72434013994,2/15/20,14.2,0,22.9,46,21.9,15,0,1026.9,999.9,998.8,30.2,10,9.8
72434013994,2/16/20,27.4,0,999.9,50,22.1,8,0,1020.5,999.9,994,41.7,10,3.2
72434013994,2/17/20,36.1,10000,999.9,52,33.1,8.9,0,1015.3,999.9,988.4,42.4,8.9,7.1
72434013994,2/18/20,37.1,10000,27,53.1,35.1,19,0.12,1020.6,999.9,993.4,43.8,9.5,9.5
72434013994,2/19/20,22.2,0,15,53.1,26.1,9.9,0,1033.7,999.9,6.9,33.6,10,6.2
72434013994,2/20/20,17.7,0,22,43,25,15,0,1037.8,999.9,10.8,30.4,10,10.8
72434013994,2/21/20,8.7,0,999.9,44.1,16,8.9,0,1040.2,999.9,12.2,26.7,10,4.4
72434013994,2/22/20,13.3,0,999.9,55,16.2,14,0,1029.3,999.9,1.9,38.4,10,7.8
72434013994,2/23/20,26.5,0,999.9,62.1,41,9.9,0,1019.3,999.9,992.8,48.7,10,6.7
72434013994,2/24/20,40.8,10010,20,62.1,41,17.1,0.18,1010.3,999.9,983.4,46.7,6.3,8.9
72434013994,2/25/20,37.4,10000,18.1,48,36,13,0.71,1009.5,999.9,983.8,40.2,4.5,9.7
72434013994,2/26/20,28.1,11000,24.1,43,30,15.9,0.17,1020,1.2,993.4,33.9,6.3,12.5
72434013994,2/27/20,20.2,0,24.1,45,24.1,14,0.06,1023.5,1.2,996.4,33.6,10,8.4
72434013994,2/28/20,25.5,0,24.1,48.9,25.2,15.9,0,1020.3,999.9,993.7,37.5,10,7.7
72434013994,2/29/20,21,0,999.9,50,21.9,11.1,0,1024.6,999.9,997.9,35,10,5.4
72434013994,3/1/20,33.4,0,27,70,39.9,20,0,1014.6,999.9,987.9,50.3,10,10.6
72434013994,3/2/20,42.2,10010,22,71.1,39.9,13,0.09,1008.4,999.9,983,52.6,9.7,6.8
72434013994,3/3/20,32.5,10000,31.1,62.1,39.9,20,0.07,1007.2,999.9,981.5,51.6,10,8.6
72434013994,3/4/20,27.8,0,25.1,62.1,39.9,15,0,1014.2,999.9,988.8,49.7,10,7
72434013994,3/5/20,27.9,0,36.9,63,37,22.9,0,1018.8,999.9,992.8,48.8,10,7.6
72434013994,3/6/20,22.8,0,35.9,63,37,22.9,0,1027.2,999.9,1.7,45.6,10,15
72434013994,3/7/20,21.9,0,20,60.1,28.9,13,0,1032.9,999.9,6,43,10,6.3
72434013994,3/8/20,21.6,0,27,73,29.1,17.1,0,1025.7,999.9,999.3,54.7,10,11
72434013994,3/9/20,38.3,10000,28,73,44.1,19,0,1019.8,999.9,993.7,59.6,9,12.8
72434013994,3/10/20,42.2,10000,27,62.1,39,19,0.45,1021.5,999.9,995.8,47.1,9.1,10.3
72434013994,3/11/20,39.4,0,999.9,62.1,39.9,11.1,0.04,1019.4,999.9,993.1,47.1,6.8,5
72434013994,3/12/20,46.1,110010,22.9,62.1,42.1,21,0,1010.7,999.9,983.7,49.7,4.4,8.3
72434013994,3/13/20,33.2,0,26,57.9,39,17.1,0.97,1023,999.9,996.4,46.5,9.9,8.5
72434013994,3/14/20,31.5,11000,20,48,37,14,0.16,1029.1,999.9,2.4,42.8,8.6,7.8
72434013994,3/15/20,30.3,0,20,45,35.1,13,0.32,1034.2,999.9,7.4,37.5,9.9,8.7
72434013994,3/16/20,33.3,10000,999.9,46,35.1,7,0,1027.6,999.9,1,40.9,9.1,3.7
72434013994,3/17/20,38.6,10000,999.9,53.1,36,7,0.03,1025.6,999.9,999.1,45.2,7.5,3.6
72434013994,3/18/20,43.3,10010,999.9,61,42.1,11.1,0,1020.4,999.9,992.8,49.8,7.5,7.1
72434013994,3/19/20,55.8,110010,32.1,70,50,20,0.29,1014,999.9,987.9,59.3,5.5,8.1
72434013994,3/20/20,47.6,0,29.9,70,39,21,0.86,1016.9,999.9,992.5,55.4,10,13
72434013994,3/21/20,26.5,0,17.1,44.1,34,13,0,1033.3,999.9,6.7,38.1,10,7.3
72434013994,3/22/20,28.3,11000,19,41,33.8,15,0,1029.8,999.9,1.6,36.3,8.5,8.6
72434013994,3/23/20,35.5,0,999.9,46,34,7,0.16,1022.3,999.9,995.9,40.6,7.8,3.3
72434013994,3/24/20,36.7,10000,20,46.9,37,13,0,1018.5,999.9,991.3,42.2,7.9,7.5
72434013994,3/25/20,42.8,10000,20,64.9,39,13,0.1,1014.3,999.9,988.7,50.1,6.1,5.8
72434013994,3/26/20,48.9,10000,999.9,79,45,13,0,1007.9,999.9,982.2,57.9,9,7.2
72434013994,3/27/20,56,10110,15.9,80.1,46,15,0.2,1006,999.9,981.1,64,8.5,6.8
72434013994,3/28/20,64,10010,27,80.1,55,17.1,0.16,1003.2,999.9,978.4,71.6,9.8,9.2
72434013994,3/29/20,38.2,0,42,73.9,51.1,25.1,0.06,1007.9,999.9,983.8,62,10,18.4
72434013994,3/30/20,32.1,0,999.9,68,45,12,0,1021.1,999.9,995.6,56.6,10,5.4
72434013994,3/31/20,33.4,0,21,66,45,14,0,1016,999.9,990.2,55.6,10,4.9
72434013994,4/1/20,34.9,0,999.9,63,37,11.1,0,1017.5,999.9,991.7,48.4,10,5.1
72434013994,4/2/20,37.8,0,22.9,70,37,15.9,0,1017.6,999.9,992.3,56.2,10,10.8
72434013994,4/3/20,45.6,10000,21,73.9,48,15,0.01,1016,999.9,990.7,63.2,10,8.2
72434013994,4/4/20,36.8,10000,22,60.1,37,15.9,0.03,1020.2,999.9,994.5,42.6,9.2,9.3
72434013994,4/5/20,38,0,999.9,55.9,37,8,0.06,1020.8,999.9,994.5,46.4,9.6,3.1
72434013994,4/6/20,47.3,0,17.1,75.9,43,9.9,0,1018.2,999.9,992.1,56.7,9,4.8
72434013994,4/7/20,56,0,20,86,66,14,0,1009.7,999.9,984.6,72.6,10,8.3
72434013994,4/8/20,56.9,0,22,90,64,15,0,1005,999.9,980.4,77,10,5.8
72434013994,4/9/20,31.8,10,44.1,84.9,46,28.9,0,1012.1,999.9,986.8,56.9,10,13
72434013994,4/10/20,19.2,0,28.9,61,34,21,0,1020,999.9,994.1,45.1,10,9.8
72434013994,4/11/20,28.9,0,21,62.6,50,15,0,1014.3,999.9,987.5,54.7,10,7.6
72434013994,4/12/20,47.9,10010,22.9,62.1,53.6,17.1,0.01,9999.9,999.9,978.5,59.1,9.4,8.6
72434013994,4/13/20,32.8,10000,36.9,59,36,22.9,0.33,1016.9,999.9,986.6,44.7,9.1,14.8
72434013994,4/14/20,19.2,0,26,52,35.1,14,0.01,1025.3,999.9,998.8,43,10,7.3
72434013994,4/15/20,21.4,0,24.1,52,35.1,17.1,0,1020.5,999.9,994.1,44.1,10,8.6
72434013994,4/16/20,22.5,1000,24.1,57.9,34,15,0,1024.7,999.9,998.3,45,10,7.7
72434013994,4/17/20,35.1,10000,28,57.9,34,17.1,0.18,1017.7,999.9,991.5,46,9,10.3
72434013994,4/18/20,29.5,0,18.1,63,30.9,12,0.06,1019.3,999.9,993,44.2,10,6.4
72434013994,4/19/20,37.6,0,17.1,71.1,51.1,13,0,1009.8,999.9,984.3,58.4,10,7.1
72434013994,4/20/20,36.5,0,15,71.1,45,14,0,1009.3,999.9,984,58.7,10,5.5
72434013994,4/21/20,34.1,0,21,71.1,51.1,15,0,1012.4,999.9,987.7,58.8,10,8.8
72434013994,4/22/20,32.6,10000,22.9,75,46,15.9,0,1014.7,999.9,988.8,60.3,10,7.4
72434013994,4/23/20,52.1,10000,999.9,75,46,15,0.57,1005.6,999.9,980.1,57.3,7.5,8
72434013994,4/24/20,50.2,10010,26,75,46.9,18.1,0.1,1007.9,999.9,982.8,60.2,9.8,4.1
72434013994,4/25/20,51.7,10010,34,75,46.9,20,0.85,1008,999.9,982.3,55.3,6.2,10.5
72434013994,4/26/20,39.9,10000,31.1,66.9,42.1,23.3,0.75,1018.7,999.9,993.3,54.1,10,9.9
72434013994,4/27/20,41,10000,25.1,73.9,42.1,17.1,0,1020.6,999.9,994.8,59.7,10,8.1
72434013994,4/28/20,52.7,10000,22,82.9,48.9,15.9,0,1011.8,999.9,986.1,68.4,10,8.1
72434013994,4/29/20,51.7,10010,28.9,82.9,50,21,1.72,1004.6,999.9,979.4,57.6,7.7,10.6
72434013994,4/30/20,42.8,10000,31.1,69.1,48,21,0.15,1011.6,999.9,986.1,56.8,9.5,11.9
72434013994,5/1/20,42.1,0,19,79,46.9,13,0,1014.8,999.9,989.5,62.4,10,4
72434013994,5/2/20,54.9,0,19,88,68,14,0,1012.3,999.9,987.5,75.2,10,7.3
72434013994,5/3/20,55.3,0,999.9,88,64,17.1,0,1012.3,999.9,987.9,71.9,10,7.9
72434013994,5/4/20,48.9,10010,999.9,75.9,50,24.1,0,1015.6,999.9,989.9,60.6,9.7,5.3
72434013994,5/5/20,50.6,10000,999.9,71.1,50,15.9,0.57,1011.2,999.9,986.1,56.8,8.2,9.3
72434013994,5/6/20,42.3,10110,19,66,44.1,13,0.24,1020.6,999.9,994.2,53.6,9.4,9.3
72434013994,5/7/20,41.1,0,17.1,71.1,44.1,13,0.02,1020,999.9,993.9,57.5,10,6.4
72434013994,5/8/20,42.2,10000,28,71.1,46,19,0.25,1015.8,999.9,990,56.9,8.9,9
72434013994,5/9/20,30.8,0,19,64.9,39,14,0.17,1023.3,999.9,997.4,51.7,10,3.5
72434013994,5/10/20,35,10000,29.9,64.9,39,21,0,1020.8,999.9,995.2,56,10,11.2
72434013994,5/11/20,31.7,0,21,61,39,14,0,1024.9,999.9,999,51.1,10,7.7
72434013994,5/12/20,36.4,0,15,60.1,39,9.9,0,1024.2,999.9,998.3,53.4,10,4.2
72434013994,5/13/20,47.2,10000,999.9,57.9,48,12,0.03,1020.8,999.9,994.9,53.1,6.8,9
72434013994,5/14/20,59.5,110110,28.9,82.9,50,18.1,0.21,1014.1,999.9,989,67,5.8,10.7
72434013994,5/15/20,61.3,10010,32.1,82.9,59,20,0.7,1011.6,999.9,987.3,70.7,9.4,7.6
72434013994,5/16/20,61.6,10010,22,80.1,60.1,13,0.01,1013.7,999.9,988.6,69.3,10,5.8
72434013994,5/17/20,64.5,10010,28.9,80.1,60.1,18.1,1.28,1008.2,999.9,983.7,69.6,7.4,7.3
72434013994,5/18/20,51.9,10000,20,73,57.9,14,0.63,1008,999.9,983.3,62.4,10,8.7
72434013994,5/19/20,54.5,10000,20,64.9,57,14,0.01,1010.7,999.9,985.5,59.5,8.6,8.4
72434013994,5/20/20,57.4,10000,19,70,57,13,0.07,1014,999.9,988.8,62.7,8.3,7.1
72434013994,5/21/20,54.6,10000,999.9,70,57,9.9,0.01,1016.3,999.9,991,60.4,8.3,6.8
72434013994,5/22/20,58,0,17.1,80.1,57,11.1,0,1014.3,999.9,988.9,68.2,10,5.6
72434013994,5/23/20,61.9,0,19,89.1,62.1,12,0,1010.8,999.9,986.1,75,10,7.6
72434013994,5/24/20,64.5,10010,28.9,89.1,64.9,14,0,1011.5,999.9,987.1,78.3,9.9,5.8
72434013994,5/25/20,64.2,10010,32.1,89.1,64.9,19,0.18,1012.3,999.9,987.7,74,9.4,7.9
72434013994,5/26/20,65.9,10010,27,89.1,64.9,19,0.47,1011.5,999.9,987,76.6,9.9,10.3
72434013994,5/27/20,65.7,10000,20,86,66.9,14,0.16,1011.2,999.9,986.5,72.2,7.7,8.4
72434013994,5/28/20,64.2,10010,15.9,84,68,15,0.53,1010.7,999.9,986,73.2,10,7
72434013994,5/29/20,58.5,10000,22,77,64.4,14,0.14,1015.3,999.9,990.3,71.1,9.6,7.8
72434013994,5/30/20,49.4,0,15.9,78.1,55.9,12,0,1021.3,999.9,996.4,68,10,4.8
72434013994,5/31/20,50.6,0,999.9,81,55.9,8,0,1023.2,999.9,998.1,70,10,3.3
72434013994,6/1/20,51.7,0,20,84,62.1,12,0,1022.1,999.9,997,72.7,10,7.5
72434013994,6/2/20,57.9,0,18.1,90,63,14,0,1016.6,999.9,991.8,79.3,10,9.9
72434013994,6/3/20,64.1,0,19,93,70,12,0,1011.9,999.9,987.2,81.8,10,7
72434013994,6/4/20,63.8,10010,25.1,93,70,17.1,0.18,1008.2,999.9,983.7,76.6,9.9,7
72434013994,6/5/20,66.3,0,18.1,89.1,69.1,8.9,0.1,1010.4,999.9,986.1,78.8,10,3.5
72434013994,6/6/20,68.5,0,999.9,95,69.1,8,0,1013.9,999.9,989.7,82.7,9.9,2.3
72434013994,6/7/20,62.3,0,15.9,95,72,11.1,0,1013.4,999.9,989.1,83.6,10,6.4
72434013994,6/8/20,59.7,0,21,93,69.1,17.1,0,1010.5,999.9,985.9,81.5,10,9.4
72434013994,6/9/20,70.1,10000,31.1,91.9,69.1,22,0.07,1000.4,999.9,975.1,81.5,8.7,16.3
72434013994,6/10/20,60.7,10000,35.9,91.9,66.9,24.1,0.08,1002.5,999.9,978.9,76.8,10,15.6
72434013994,6/11/20,52.1,0,21,86,59,12,0,1019.4,999.9,994.8,72.4,10,7.3
72434013994,6/12/20,54.2,0,15,93,59,11.1,0,1023.1,999.9,998.3,79.3,10,4
72434013994,6/13/20,52.9,10010,15,93,66.9,9.9,0,1019.8,999.9,995.2,80.5,10,5
72434013994,6/14/20,55.4,0,18.1,89.1,66,12,0,1021.1,999.9,996.6,75.7,10,8.4
72434013994,6/15/20,49.5,0,999.9,84,63,8.9,0,1023.7,999.9,998.9,73.7,10,7.1
72434013994,6/16/20,47.5,0,14,84.9,59,8.9,0,1023.3,999.9,998.2,73.1,10,4
72434013994,6/17/20,55.4,0,999.9,87.1,59,8.9,0,1019.9,999.9,995,76.9,10,5.2
72434013994,6/18/20,55.5,0,15,90,66,11.1,0,1016.4,999.9,991.7,78.8,10,3.7
72434013994,6/19/20,58.4,0,999.9,93,66.9,9.9,0,1015.2,999.9,990.8,81.8,10,4.7
72434013994,6/20/20,64.6,10010,31.1,93,71.1,20,0,1013.9,999.9,989.5,81.3,10,6.6
72434013994,6/21/20,65.5,110010,18.1,93,69.1,11.1,0.8,1012,999.9,987.6,78,9.6,5
72434013994,6/22/20,67.6,10010,18.1,90,69.1,15,0.78,1009.8,999.9,985,80.5,9.7,6.6
72434013994,6/23/20,61,10010,18.1,87.1,66,13,0.38,1010,999.9,985.4,73.1,10,7.6
72434013994,6/24/20,56.9,0,17.1,84.9,63,12,0,1012.5,999.9,987.8,74,10,5.5
72434013994,6/25/20,57.9,0,999.9,91,63,7,0,1013.8,999.9,989.3,78.6,10,2.6
72434013994,6/26/20,64.9,0,22.9,95,66,15,0,1014.6,999.9,990.2,84.6,10,9.5
72434013994,6/27/20,69.6,10000,21,95,75.9,13,0,1011,999.9,986.5,81.6,10,10.4
72434013994,6/28/20,70.2,10010,22,93,73,12,0.13,1008.2,999.9,984,80.7,9.2,6.6
72434013994,6/29/20,69.8,0,24.1,93,73.9,15,0.03,1009.8,999.9,985.8,84.7,9.9,8.8
72434013994,6/30/20,68.4,10010,27,90,70,15.9,0.01,1010.1,999.9,985.9,76.1,9.5,8.9
72434013994,7/1/20,68.8,10000,15.9,82,70,13,1.03,1010.3,999.9,985.7,73.7,9.9,5.3
72434013994,7/2/20,70.6,0,999.9,89.1,70,8.9,0.1,1013.4,999.9,989,78.6,9.2,3.2
72434013994,7/3/20,71.8,0,999.9,91.9,71.1,13,0,1014.1,999.9,989.8,83.4,9.9,6
72434013994,7/4/20,66.7,0,20,91.9,72,9.9,0,1014.2,999.9,989.8,82.9,10,4.7
72434013994,7/5/20,69.1,10,22.9,93,72,13,0,1013.1,999.9,988.9,83.3,8.1,3.9
72434013994,7/6/20,70.9,0,999.9,93.9,73,8,0,1013.5,999.9,989.2,84.1,10,2.9
72434013994,7/7/20,70.6,10010,22,93.9,75,11.1,0,1013.6,999.9,989.4,85,9.5,3.2
72434013994,7/8/20,71.6,10010,22.9,93.9,75.9,15.9,0.07,1012.2,999.9,988,84.7,9.7,2.7
72434013994,7/9/20,71.1,0,21,96.1,75.9,14,0,1010.2,999.9,986,85.8,10,7
72434013994,7/10/20,66.9,0,18.1,96.1,71.1,13,0,1011.9,999.9,988.2,84,10,8.5
72434013994,7/11/20,67.8,0,20,97,71.1,13,0,1013.2,999.9,988.8,85.8,10,5.8
72434013994,7/12/20,67.3,0,17.1,97,73.9,11.1,0,1009.3,999.9,985.4,83.3,10,7.2
72434013994,7/13/20,63.2,0,999.9,89.1,70,8.9,0,1013.4,999.9,989.1,80.3,10,5
72434013994,7/14/20,62.2,0,21,93.9,70,15,0,1014.1,999.9,989.8,82,10,8.5
72434013994,7/15/20,68.4,110010,39,93.9,71.1,22,0,1012.7,999.9,987.9,82.2,9.9,9.2
72434013994,7/16/20,67.4,10000,15.9,93,69.1,11.1,1.34,1015.3,999.9,991.1,76.9,9.9,5.9
72434013994,7/17/20,71.6,10010,19,93,69.1,12,0,1018.1,999.9,993.5,81.5,9.4,6.1
72434013994,7/18/20,71,0,20,96.1,73.9,14,0.6,1015.6,999.9,991.1,82.6,10,6.9
72434013994,7/19/20,72.6,10010,22.9,96.1,73.9,15,0,1012.6,999.9,988.4,87.7,10,10.6
72434013994,7/20/20,70.9,10010,32.1,93.9,73,25.1,0.93,1014.8,999.9,990.4,78.6,9.2,4.7
72434013994,7/21/20,71.4,10010,25.1,93.2,73,13,0.02,1014.1,999.9,989.7,81.3,9.9,7.2
72434013994,7/22/20,71.4,10010,29.9,93,73,15,0.43,1014.1,999.9,989.8,79.3,9.8,5.1
72434013994,7/23/20,72.6,0,999.9,91,73,7,0,1016.5,999.9,992.2,83,9.6,2.9
72434013994,7/24/20,71.3,0,999.9,93,73,8.9,0,1018.4,999.9,993.9,82.5,10,4.8
72434013994,7/25/20,72.1,0,19,93.9,73,11.1,0,1017.4,999.9,993,84.6,10,6.2
72434013994,7/26/20,72,0,17.1,95,75.9,11.1,0,1016.6,999.9,992.3,87,10,7.8
72434013994,7/27/20,71.9,10010,20,95,73.9,11.1,0,1014.2,999.9,990.1,82.5,9.7,7.6
72434013994,7/28/20,66.7,0,999.9,90,73,8,0.29,1014.9,999.9,990.4,80.4,10,3.4
72434013994,7/29/20,69,10010,31.1,95,73,22,0,1012.9,999.9,988.5,81.4,9.4,4.7
72434013994,7/30/20,73.4,110010,18.1,95,73,11.1,3.39,1009.1,999.9,984.5,77.5,7.5,6.2
72434013994,7/31/20,67.3,10000,22,82.9,69.1,15,0.72,1010,999.9,985.6,72.4,8.2,8.2
72434013994,8/1/20,64,10000,15.9,79,68,8.9,1.25,1011.3,999.9,986.5,70.5,9.9,6.5
72434013994,8/2/20,65.1,0,999.9,87.1,68,8,0.01,1012.2,999.9,987.5,75.4,10,4.6
72434013994,8/3/20,65.8,10010,22.9,87.1,68,15.9,0,1014.3,999.9,989.8,73.7,10,5.5
72434013994,8/4/20,58.7,0,15.9,80.1,59,12,0.02,1017.7,999.9,992.7,67.5,10,6.5
72434013994,8/5/20,54.6,0,999.9,79,59,8.9,0,1019.3,999.9,994.2,68.8,10,2.5
72434013994,8/6/20,55.8,0,999.9,81,59,8.9,0,1018.7,999.9,993.7,71.2,10,3.6
72434013994,8/7/20,59.4,0,999.9,84.9,60.1,9.9,0,1018.9,999.9,994.1,75,10,7
72434013994,8/8/20,65.7,10000,15.9,89.1,64.9,13,0,1018.6,999.9,993.9,79.7,10,8.1
72434013994,8/9/20,70.6,10010,35,91,70,26,3.75,1016.6,999.9,992.3,79.2,8.4,9.7
72434013994,8/10/20,73.8,10010,47,97,70,29.9,0.07,1013.8,999.9,989.6,86.3,10,8.4
72434013994,8/11/20,68.7,10010,24.1,97,70,13,0.75,1014.5,999.9,989.8,74.9,9.6,4.1
72434013994,8/12/20,71,10010,999.9,84.9,70,13,0,1015.6,999.9,991.2,79,9.8,5.4
72434013994,8/13/20,71.1,0,999.9,87.1,73.9,12,0.03,1015.7,999.9,991.1,79.4,9.5,5.5
72434013994,8/14/20,70.2,10010,999.9,90,73.9,9.9,0,1013.9,999.9,989.4,80.6,9.2,4.7
72434013994,8/15/20,70.6,10010,999.9,91,73,8,0,1013.1,999.9,988.8,81.9,10,3.2
72434013994,8/16/20,62.6,10010,20,91,64.9,14,0.01,1016.5,999.9,992.2,76.7,10,6.9
72434013994,8/17/20,63.6,0,20,90,64.9,14,0,1016.7,999.9,991.9,78.8,10,5.6
72434013994,8/18/20,64.3,0,18.1,90,68,13,0,1014.4,999.9,990,76.5,10,8.4
72434013994,8/19/20,56.6,0,20,84,63,11.1,0,1016.5,999.9,991.9,73.7,10,6.8
72434013994,8/20/20,55.2,0,999.9,82.9,62.1,8.9,0,1015.6,999.9,990.6,72.7,10,3.8
72434013994,8/21/20,59.2,0,999.9,84.9,62.1,7,0,1013.2,999.9,988.5,74.8,10,3.2
72434013994,8/22/20,61.5,0,999.9,90,63,8,0,1012.9,999.9,988.4,77.6,9.9,3.3
72434013994,8/23/20,65.1,0,999.9,93,66,9.9,0,1014.1,999.9,989.8,81.9,10,6.6
72434013994,8/24/20,65.9,0,999.9,97,73,8,0,1015.9,999.9,991.6,85.2,10,4
72434013994,8/25/20,68.6,0,999.9,97,73,8.9,0,1016.4,999.9,992.1,85.2,10,3.1
72434013994,8/26/20,69.9,0,17.1,95,73.9,11.1,0,1015.1,999.9,990.7,83.5,9.9,5.5
72434013994,8/27/20,72.7,0,999.9,91.9,73.9,12,0,1012.8,999.9,988.4,83.1,10,6.8
72434013994,8/28/20,71.8,0,18.1,89.1,77,13,0,1007.3,999.9,982.8,82,10,8
72434013994,8/29/20,69.7,0,999.9,89.1,75.9,9.9,0,1008.4,999.9,984.5,80.3,10,6.1
72434013994,8/30/20,58.8,0,14,84.9,59,8.9,0,1010.7,999.9,985.9,71.8,10,3.8
72434013994,8/31/20,67.6,10000,18.1,84.9,59,12,0,1008,999.9,983.5,76.8,10,6.6
72434013994,9/1/20,65.9,10000,18.1,82.9,70,11.1,0,1010.7,999.9,986,73.1,9,4.6
72434013994,9/2/20,68.3,0,999.9,81,70,8.9,0.44,1010.1,999.9,985.7,74,9.8,4
72434013994,9/3/20,68,100000,20,90,69.1,15,0,1010.7,999.9,986.2,77.2,7.7,5.5
72434013994,9/4/20,53,0,999.9,90,59,12,0.02,1019,999.9,994.4,73.5,10,3.5
72434013994,9/5/20,57.4,0,999.9,88,59,9.9,0,1023.7,999.9,998.7,74.2,10,3.6
72434013994,9/6/20,68,0,29.9,91.9,62.1,20,0,1018.2,999.9,993.5,79.5,10,8.1
72434013994,9/7/20,67.2,10000,21,91.9,71.1,15,0,1010.5,999.9,985.9,81.6,10,9.9
72434013994,9/8/20,68.8,0,15,91.9,73.9,12,0,1011,999.9,987.1,81.7,10,8
72434013994,9/9/20,67.5,10010,999.9,91,66.9,8,0.02,1018.5,999.9,994,74.8,8.2,4.4
72434013994,9/10/20,68.6,0,999.9,84.9,66.9,9.9,0,1022,999.9,997.4,75,7.2,6
72434013994,9/11/20,68.1,0,999.9,87.1,70,9.9,0,1020.7,999.9,995.7,76.2,8.3,6.8
72434013994,9/12/20,68.5,10000,999.9,87.1,70,14,0,1014.6,999.9,989.8,75.7,8.3,8.1
72434013994,9/13/20,61.4,0,999.9,79,62.1,9.9,0.02,1016.7,999.9,992.1,69.8,10,4.5
72434013994,9/14/20,57.8,0,15,82.9,61,9.9,0,1023.5,999.9,998.6,70.7,10,4.5
72434013994,9/15/20,56.6,0,999.9,82.9,59,8,0,1023,999.9,997.8,70.3,10,5.5
72434013994,9/16/20,56.6,0,999.9,82.9,57.9,6,0,1018.1,999.9,993,69.6,10,3.1
72434013994,9/17/20,59.6,0,22.9,82.9,57.9,14,0,1016.9,999.9,992,69.8,9.4,5.8
72434013994,9/18/20,49.7,0,18.1,80.1,55.9,12,0,1022,999.9,997.1,65.6,9.7,7.7
72434013994,9/19/20,40.3,0,999.9,73,46.9,8.9,0,1025.8,999.9,0.2,60.1,10,5.9
72434013994,9/20/20,42.7,0,15,75.9,46.9,12,0,1025.9,999.9,0.4,62.1,10,4.8
72434013994,9/21/20,47.5,0,17.1,79,48.9,8.9,0,1025.6,999.9,0.1,64.4,10,5.2
72434013994,9/22/20,53.5,0,999.9,79,50,8,0,1022.5,999.9,997.2,67.5,9.8,4.1
72434013994,9/23/20,56.8,0,999.9,77,55.9,7,0,1018.2,999.9,993.1,67.4,10,3.7
72434013994,9/24/20,54.5,0,999.9,75.9,57,7,0,1015.1,999.9,989.9,65.9,9.9,4.5
72434013994,9/25/20,56.4,0,15.9,82,55.9,11.1,0,1013.7,999.9,988.7,68.1,9.9,2.8
72434013994,9/26/20,60.4,0,22,86,57,15.9,0,1011.2,999.9,986.6,72.4,9.9,9.3
72434013994,9/27/20,61.7,0,22,86,63,15.9,0,1008.3,999.9,983.6,72,10,6.6
72434013994,9/28/20,51.6,10000,24.1,81,55,15.9,0.36,1011.3,999.9,986.3,61.1,9.2,10.3
72434013994,9/29/20,46.5,10000,18.1,69.1,48.9,11.1,0.04,1014.8,999.9,989.3,56.5,10,6.6
72434013994,9/30/20,43.6,0,27,82,48.9,20,0,1009.8,999.9,984.7,65.8,10,12.2
72434013994,10/1/20,39.2,0,26,82,48.9,17.1,0,1018.2,999.9,993.1,58.3,10,7.9
72434013994,10/2/20,39,0,14,68,44.1,12,0,1023.2,999.9,997.4,52.6,10,5.1
72434013994,10/3/20,42.4,10000,999.9,62.1,44.1,8,0,1021,999.9,995,51.6,9.7,4.5
72434013994,10/4/20,43.5,10000,22.9,60.1,44.1,14,0.06,1021.9,999.9,996.4,55,9.8,8.1
72434013994,10/5/20,33.8,0,17.1,66.9,37.9,9.9,0,1024.7,999.9,998.3,50.6,9.7,3.8
72434013994,10/6/20,44,0,999.9,80.1,37.9,12,0,1017.1,999.9,991.5,63.1,10,6.7
72434013994,10/7/20,56.9,0,999.9,89.1,51.1,11.1,0,1014.6,999.9,989.7,70.9,10,6.2
72434013994,10/8/20,52.6,0,15.9,89.1,59,6,0,1017.7,999.9,992.9,71.4,10,2.9
72434013994,10/9/20,58.8,0,999.9,86,59,12,0,1015.6,999.9,990.6,73.1,8.7,6
72434013994,10/10/20,60.6,0,999.9,86,60.1,9.9,0,1012.1,999.9,987.3,71.3,9.9,4.4
72434013994,10/11/20,61.7,0,999.9,84.9,61,8.9,0,1010.5,999.9,985.8,71.6,8.7,2.9
72434013994,10/12/20,56,10000,33,84.9,61,22.9,0,1008.3,999.9,983.7,71.2,9.9,11.1
72434013994,10/13/20,37.8,0,20,81,46,14,0,1018.6,999.9,993.3,61.5,10,5.5
72434013994,10/14/20,41.2,0,32.1,87.1,46,19,0,1012.9,999.9,987.1,67.1,10,7.1
72434013994,10/15/20,38.1,0,27,87.1,48.9,15.9,0,1012.9,999.9,988.9,63.3,10,10.5
72434013994,10/16/20,25.9,0,28.9,71.1,36,19,0,1024.9,999.9,998.8,49.1,10,7.2
72434013994,10/17/20,28.6,0,31.1,71.1,37,21,0,1021,999.9,994.8,56,10,9.2
72434013994,10/18/20,36.8,10010,20,71.1,46.9,15,0,1017.5,999.9,992.5,60.3,9.9,8.5
72434013994,10/19/20,40.9,10000,22,51.1,42.1,15,1.31,1022,999.9,995.9,45.6,8.5,7.6
72434013994,10/20/20,44.5,10010,18.1,55.9,42.1,14,0.08,1021.1,999.9,994.4,49.2,8.1,7.7
72434013994,10/21/20,51.2,10010,19,59,45,11.1,0.49,1020,999.9,994.2,54.4,6.2,6.5
72434013994,10/22/20,59.1,100000,26,86,52,15.9,0.08,1015.9,999.9,990.7,67.8,7.7,8.6
72434013994,10/23/20,54.2,10010,26,86,45,17.1,0,1014.4,999.9,990.6,61.8,9.6,9.6
72434013994,10/24/20,33.9,0,22.9,48.9,42.1,15,0.18,1024.2,999.9,997.9,45.2,10,10.1
72434013994,10/25/20,37.1,0,999.9,51.1,43,9.9,0,1019.5,999.9,993.3,48.1,10,6.6
72434013994,10/26/20,36.7,10000,999.9,51.1,37.9,9.9,0,1022.8,999.9,997.4,42.9,8.4,7.4
72434013994,10/27/20,34.5,10000,999.9,46,36,9.9,0.63,1026.2,999.9,999.7,38.2,6.2,6.6
72434013994,10/28/20,39.4,10000,999.9,50,36,8,0.06,1020.1,999.9,993.5,43.5,5.7,3.9
72434013994,10/29/20,41.1,10000,26,50,41,15,0.69,1011.3,999.9,985.3,46.5,8.2,10.2
72434013994,10/30/20,32.6,0,999.9,55.9,33.1,9.9,0.09,1023.9,999.9,997.9,42.9,10,4.1
72434013994,10/31/20,36.6,0,21,64.9,33.1,14,0,1023.9,999.9,997.3,48.8,10,8.3
72434013994,11/1/20,30.2,0,28,64.9,43,21,0,1023.8,999.9,998.8,51.6,10,11.4
72434013994,11/2/20,19.6,0,999.9,60.1,27,9.9,0,1031.6,999.9,4.5,41.8,10,5.4
72434013994,11/3/20,32,0,999.9,77,27.1,12,0,1022.4,999.9,996.3,54.5,10,4.7
72434013994,11/4/20,40.9,0,21,80.1,55,15,0,1020.7,999.9,995.4,64.8,10,7.8
72434013994,11/5/20,42.8,0,999.9,80.1,52,9.9,0,1022.2,999.9,996.9,64.2,10,5.6
72434013994,11/6/20,46.8,0,999.9,75.9,48.2,9.9,0,1022.2,999.9,996.8,62.3,10,4.6
72434013994,11/7/20,47.5,0,999.9,75.9,46.9,13,0,1021.4,999.9,995.9,63.1,10,6.1
72434013994,11/8/20,56.6,0,21,75.9,50,15,0,1020,999.9,994.8,66.4,10,8.3
72434013994,11/9/20,59.5,0,25.1,78.1,57,15.9,0,1017.6,999.9,992.6,70.2,10,9.1
72434013994,11/10/20,61.6,10000,49,78.1,57,22,0,1010.6,999.9,985.2,70,9.9,12
72434013994,11/11/20,35.5,10000,24.1,57,35.1,17.1,0.23,1018.2,999.9,992,45.3,10,7.3
72434013994,11/12/20,32.3,0,999.9,59,34,14,0,1020.3,999.9,993.7,45.3,10,4.9
72434013994,11/13/20,27.8,0,27,59,33.1,17.1,0,1022.3,999.9,996.7,44.3,10,7
72434013994,11/14/20,33.9,10010,26,53.1,33.1,20,0.16,1016.2,999.9,989.6,42.8,8.3,9.4
72434013994,11/15/20,40.4,110010,40,59,37.9,28,1.27,1008.7,999.9,983.4,53.7,9.6,17.6
72434013994,11/16/20,24.1,0,25.1,66,37,18.1,0,1022.2,999.9,996.2,49.2,10,8.7
72434013994,11/17/20,25.7,0,22.9,66,36,12,0,1030.5,999.9,5,45.9,10,6.2
72434013994,11/18/20,22,0,27,57.9,36,20,0,1031.9,999.9,4.8,43.9,10,10.9
72434013994,11/19/20,26.8,0,40,75,52,24.1,0,1020.4,999.9,994.4,60.7,10,13.6
72434013994,11/20/20,48.3,0,21,75,52,15,0,1023.3,999.9,998.1,63.3,10,9
72434013994,11/21/20,42.8,10000,18.1,63,46.4,13,0.3,1029.8,999.9,4,50.7,8.7,8.1
72434013994,11/22/20,39.5,10000,22.9,51.1,42.1,15,0.9,1024.9,999.9,998.2,44.6,6.7,9.4
72434013994,11/23/20,34.8,10000,999.9,50,33.1,9.9,0.16,1027.6,999.9,1.1,42.1,10,4.7
72434013994,11/24/20,36.6,10000,24.1,57,34,15,0.03,1020.4,999.9,993.5,47.8,10,9.6
72434013994,11/25/20,46.4,10000,26,57,43,21,0.64,1009,999.9,982.8,50.8,8,8.7
72434013994,11/26/20,40.5,10000,22.9,55.9,45,15,0.3,1017.8,999.9,991.6,47.6,9.5,8.3
72434013994,11/27/20,39.1,0,14,54,37.9,12,0,1019.8,999.9,993.8,44.7,9.7,6.4
72434013994,11/28/20,30,0,999.9,55.9,30.9,8.9,0,1024.4,999.9,997.9,41.5,10,2.8
72434013994,11/29/20,31.1,0,22.9,55.9,31.1,15,0,1018.7,999.9,992.3,44.3,10,3.9
72434013994,11/30/20,23,11000,29.9,54,30,22,0.01,1019.3,999.9,993,35.1,9.7,15.7
72434013994,12/1/20,18,0,999.9,42.1,21.9,12,0,1021.8,999.9,995,31.1,10,6
72434013994,12/2/20,20.5,0,999.9,48.9,21.9,7,0,1027.2,999.9,0.5,33.4,10,2.5
72434013994,12/3/20,27.5,10000,999.9,48.9,22.1,5.1,0,1025.7,999.9,998.7,39.7,10,1.3
72434013994,12/4/20,34.6,0,999.9,52,32,12,0,1018.8,999.9,992.4,43.7,10,6.1
72434013994,12/5/20,29.2,0,999.9,55,30.9,7,0,1019.9,999.9,993.7,41.8,10,2.3
72434013994,12/6/20,29.6,0,999.9,55,28.9,8.9,0,1018.1,999.9,991.7,37.5,9.5,3.7
72434013994,12/7/20,30.2,0,999.9,45,29.1,8,0,1019,999.9,992.6,39.6,10,5.2
72434013994,12/8/20,30.3,0,999.9,48,34,8.9,0,1020.6,999.9,994.2,39.6,9.2,3.9
72434013994,12/9/20,33.2,0,999.9,68,37,11.1,0,1015.2,999.9,988.9,48.8,9.9,5
72434013994,12/10/20,35.5,0,999.9,68,36,7,0,1014.7,999.9,988.8,48.1,10,2
72434013994,12/11/20,39.9,10000,999.9,66,36,13,0,1011.1,999.9,985.3,53,9.6,4.5
72434013994,12/12/20,42.8,10000,32.1,61,39.9,22,0.96,1010.1,999.9,983.4,48.5,8.7,12.3
72434013994,12/13/20,31.8,0,18.1,39.9,36,12,0.29,1021.5,999.9,994.9,37.7,10,6.4
72434013994,12/14/20,24.5,0,22.9,39,27,15,0,1025.2,999.9,998.7,33.3,10,8.4
72434013994,12/15/20,21.7,0,17.1,37.9,23,11.1,0,1026.4,999.9,998.9,29,10,6.2
72434013994,12/16/20,23.9,1000,999.9,36,23.2,12,0.01,1018,999.9,990.9,31.9,8.8,7.4
72434013994,12/17/20,20,0,999.9,37,21.9,6,0,1022,999.9,995.2,28.4,9,3.8
72434013994,12/18/20,25,0,20,44.1,21.9,13,0,1025.3,999.9,998.1,32.1,8.9,7
72434013994,12/19/20,35,0,20,54,25.2,15.9,0,1019.1,999.9,992.7,46.1,9.8,10.6
72434013994,12/20/20,28.5,0,999.9,54,27,9.9,0,1016.7,999.9,990.3,38,8.4,5.1
72434013994,12/21/20,29.4,0,34,59,28.2,24.1,0,1011.8,999.9,985.9,47,10,11.7
72434013994,12/22/20,23.8,0,21,59,28,18.1,0,1021.2,999.9,995.3,44.7,10,8.2
72434013994,12/23/20,36.1,10000,34,63,46.9,21,0,1008.7,999.9,982.2,53,9.8,13.8
72434013994,12/24/20,13.2,1000,39,48.9,21,24.1,0.3,1013.4,999.9,987.4,26.8,9.9,16.3
72434013994,12/25/20,1.3,0,22.9,27,10,15,0,1020.5,999.9,993.2,17.2,10,10.9
72434013994,12/26/20,12.4,0,999.9,46.9,10.9,8,0,1018,999.9,990.7,30.4,10,3
72434013994,12/27/20,31.5,0,22.9,59,19.9,15.9,0,1010,999.9,983.6,44.2,10,8.1
72434013994,12/28/20,27.1,10000,22.9,59,32,14,0,1023.2,999.9,997.8,38.2,10,8.3
72434013994,12/29/20,21.7,0,25.1,39.9,25,17.1,0,1031.6,999.9,3.9,29.7,10,8.3
72434013994,12/30/20,33.7,11000,28,46.9,25,17.1,0.14,1017.8,999.9,991.2,40.3,8.4,10.3
72434013994,12/31/20,22.6,0,14,46.9,25,11.1,0.18,1024.8,999.9,997.7,30.4,10,6.4
72434013994,1/1/21,27.8,11000,24.1,36,25,15.9,0.39,1015.3,999.9,988.9,32.3,6.2,8.9
72434013994,1/2/21,29.3,11000,999.9,36,30.2,11.1,0.4,1016.8,999.9,991.4,33.1,5.4,6.2
72434013994,1/3/21,28.6,11000,999.9,39,28.9,9.9,0,1017.9,999.9,991,33.6,7.1,5.6
72434013994,1/4/21,30.2,100000,999.9,39,30,7,0,1017.4,999.9,990.5,33.6,2.8,3.2
72434013994,1/5/21,30.8,0,22,51.1,28.9,14,0,1020.8,999.9,994.2,38.2,8,6.3
72434013994,1/6/21,29.9,0,999.9,51.1,30.2,11.1,0,1024.5,999.9,998,36.6,8.6,6.2
72434013994,1/7/21,28.1,0,18.1,45,31.1,13,0,1025.1,999.9,998.4,35.8,10,9.9
72434013994,1/8/21,27.2,1000,999.9,39,33.1,11.1,0,1025.4,999.9,998.7,34.4,9.2,8.5
72434013994,1/9/21,23.4,1000,999.9,35.1,30,8,0,1027.7,999.9,0.9,32.5,9.7,6.3
72434013994,1/10/21,20.5,1000,999.9,33.1,28,9.9,0,1030.2,999.9,3,29,9.5,5.4
72434013994,1/11/21,21.2,1000,999.9,37.9,26.1,8.9,0,1029.7,999.9,2.2,30.2,9.9,6
72434013994,1/12/21,24.8,0,999.9,54,26.1,14,0,1024.2,999.9,997.1,36.2,10,7.4
72434013994,1/13/21,27.5,0,999.9,55,28.2,13,0,1016.5,999.9,989.6,43.6,10,7.8
72434013994,1/14/21,30.4,10000,33,55,37.9,22,0,1004.6,999.9,978.3,43.2,9.8,8.4
72434013994,1/15/21,28.9,1000,26,48.9,33.1,18.1,0.11,1001.6,999.9,974.8,36,6.9,11.2
72434013994,1/16/21,29.6,1000,24.1,37,32,18.1,0.11,1007.7,999.9,981.8,34.6,9.4,10.5
72434013994,1/17/21,26.9,11000,22,39,30.2,15.9,0,1011.4,999.9,984.9,34.3,8.7,10.4
72434013994,1/18/21,27.9,11000,999.9,44.1,28,11.1,0.04,1015.1,999.9,988.5,36.1,9.2,5.7
72434013994,1/19/21,29.5,111000,22,44.1,27,14,0.01,1023.3,999.9,997.7,34.8,6.8,6
72434013994,1/20/21,21.7,0,22,48,21.9,13,0,1026.4,999.9,999,34.9,10,7
72434013994,1/21/21,28.2,0,21,54,24.3,12,0,1014.6,999.9,988.3,44.4,10,8.4
72434013994,1/22/21,17.2,0,18.1,54,28.9,12,0,1019.8,999.9,993.9,34.8,10,6.9
72434013994,1/23/21,9.6,0,999.9,39.9,18,15,0,1027.4,999.9,0.2,27.2,10,7.7
72434013994,1/24/21,24.6,10000,21,42.8,35.6,15,0,1019.3,999.9,992.4,38.3,10,7.3
72434013994,1/25/21,32.2,10000,25.1,42.1,34,17.1,0.41,1012.3,999.9,985.6,37,7.5,9.3
72434013994,1/26/21,31.9,110000,22,37.9,32,15,0.8,1010.9,999.9,984.1,36,4.7,6.5
72434013994,1/27/21,24.7,101000,999.9,37.9,26.1,14,0,1024.2,2,998.3,29.9,6.4,7.5
72434013994,1/28/21,14.7,1000,999.9,32,12,8.9,0.26,1038.3,2,10.6,22.8,9.9,4.2
72434013994,1/29/21,16.9,0,999.9,39.9,14,12,0,1031,1.2,2.8,26.8,10,8
72434013994,1/30/21,29.8,10000,28.9,42.8,35.1,22,0,1016.3,1.2,987.8,37.6,8.2,12.3
72434013994,1/31/21,34.9,11000,32.1,46.9,34,20,1.27,1008.4,1.2,983.6,39.6,8.3,14
72434013994,2/1/21,27.3,1000,24.1,46.9,32,15,0.03,1025.2,999.9,998.3,33.4,8.6,11.9
72434013994,2/2/21,24.6,1000,18.1,39.9,26.1,11.1,0,1027,999.9,0.1,32.3,9.8,6
72434013994,2/3/21,24.8,0,999.9,46,24.1,13,0,1022.5,999.9,995.6,32.6,8.6,5.4
72434013994,2/4/21,31.9,11000,35.9,46,24.3,21,0,1008,999.9,980.5,39.5,8.7,11.3
72434013994,2/5/21,19.3,1000,32.1,45,25,22.9,0.22,1011.4,999.9,985.1,32.5,9.9,14
72434013994,2/6/21,13.6,1000,999.9,45,19,13,0,1018.6,999.9,992.1,27,9.8,5.9
72434013994,2/7/21,2.5,1000,18.1,30,5,14,0.04,1026.6,999.9,998.2,13.1,8.7,7.9
72434013994,2/8/21,8.6,1000,999.9,23,6.1,11.1,0,1025.7,999.9,997.8,18.4,9.5,7
72434013994,2/9/21,10.7,1000,999.9,23,12.9,12,0.1,1028.3,1.2,0.2,16.8,6.6,8.6
72434013994,2/10/21,9.9,1000,999.9,19,14,13,0.04,1028.7,1.2,0.5,16.8,6.1,7.9
72434013994,2/11/21,9.9,1000,19,21.9,14,12,0.01,1029.2,1.2,1.5,17.1,7.9,9.2
72434013994,2/12/21,7,1000,20,19.9,12,17.1,0.02,1030.4,1.2,2.7,15.6,9.1,11
72434013994,2/13/21,-0.5,1000,21,19,3.9,14,0.01,1030.8,1.2,2.4,7.5,6.8,10.7
72434013994,2/14/21,-6.5,1000,22.9,10,-0.9,17.1,0.01,1034.3,1.2,5.9,3.3,10,11.1
72434013994,2/15/21,-5,1000,22.9,8.1,-0.9,17.1,0.07,1031.7,5.9,1.4,2.2,3.1,12.8
72434013994,2/16/21,-4.5,1000,18.1,16,-4,13,0.46,1024.4,5.9,996,3.8,8,8.5
72434013994,2/17/21,3.5,1000,999.9,19,-2.9,9.9,0,1028.3,5.9,0.4,11.2,8.8,5.2
72434013994,2/18/21,11.4,1000,15.9,25,6.1,12,0.04,1028.9,5.1,1.4,19.1,9,6.8
72434013994,2/19/21,7.3,0,999.9,30.9,3,7,0,1031.6,3.9,3.6,17.5,9.6,4.7
72434013994,2/20/21,14.5,0,999.9,39,17.1,13,0,1028.5,3.9,1.1,26.6,9.8,4.4
72434013994,2/21/21,21.3,10000,27,48.9,28,19,0,1021.2,2,994.1,36.1,10,11.4
72434013994,2/22/21,31,10000,28.9,55.9,27.1,21,0.01,1014.5,999.9,988.5,43.3,9.1,13.1
72434013994,2/23/21,31.4,0,25.1,66,36,17.1,0,1012.7,999.9,986.9,52.1,10,9.5
72434013994,2/24/21,36.8,0,20,66,37.9,15.9,0,1011.5,999.9,986.6,54.3,10,10.8
72434013994,2/25/21,28.2,0,21,57.9,30.9,15,0,1027.8,999.9,1.6,39.6,10,5.5
72434013994,2/26/21,26.7,0,999.9,51.1,30,14,0,1021.7,999.9,994.4,40.8,10,7.7
72434013994,2/27/21,38.8,10000,999.9,60.1,30.2,14,0,1015.3,999.9,989.1,47.9,9.6,6.5
72434013994,2/28/21,50.5,10010,24.1,61,51.1,18.1,0.6,1011.5,999.9,985.1,55.7,8.3,7.3
72434013994,3/1/21,27.6,0,20,61,28.9,14,0.44,1022.6,999.9,997.1,40.9,10,7.6
72434013994,3/2/21,25.7,0,15,59,27,13,0,1026.6,999.9,999.6,41.6,10,5.7
72434013994,3/3/21,27.9,0,999.9,71.1,27.1,15,0,1017.6,999.9,991.6,52.5,10,7.4
72434013994,3/4/21,32.8,0,999.9,71.1,37,13,0,1021,999.9,995.5,51.5,10,5.3
72434013994,3/5/21,26.8,0,999.9,62.1,30.9,11.1,0,1026.3,999.9,0.3,42.4,10,8.4
72434013994,3/6/21,25.8,0,999.9,59,31.1,8,0,1028,999.9,1.5,45.7,10,1.4
72434013994,3/7/21,27.7,0,20,66.9,34,11.1,0,1027.7,999.9,1.5,49.8,10,3.9
72434013994,3/8/21,31.7,0,25.1,71.1,35.1,14,0,1028.1,999.9,2.2,58.6,10,10.2
72434013994,3/9/21,34.3,0,27,75,48.9,15.9,0,1024.3,999.9,998.4,61.8,10,9.3
72434013994,3/10/21,46.2,0,36.9,75,51.1,25.1,0,1016.2,999.9,990.7,64.3,10,14.2
72434013994,3/11/21,52,10010,33,72,51.1,21,0.03,1016,999.9,991.8,60.3,9.2,10
72434013994,3/12/21,38.9,10000,19,68,45,12,0.45,1027.6,999.9,2,51.2,10,6.3
72434013994,3/13/21,35.8,10000,999.9,59,46,12,0.05,1028.8,999.9,2.5,51.6,9.9,7.6
72434013994,3/14/21,33.1,10000,28,57.9,46.9,19,0,1023.3,999.9,997.2,50.9,10,10.2
72434013994,3/15/21,39.3,10000,32.1,54,44.1,22,0.16,1014.8,999.9,988.3,48.2,8.4,13.5
72434013994,3/16/21,42.5,110000,999.9,51.1,43,15,0.29,1013.4,999.9,987.5,46.2,5.1,5.5
72434013994,3/17/21,44.7,10010,19,55,45,15,0,1011.9,999.9,984.7,48.7,6.2,9.6
72434013994,3/18/21,41,10000,28.9,55,42.1,20,2.26,1005.2,999.9,979.7,44.9,4.5,12.6
72434013994,3/19/21,27.8,10000,28.9,53.1,35.1,15.9,0.65,1027,999.9,1.2,42.9,9.7,12
72434013994,3/20/21,28.5,0,999.9,61,32,9.9,0,1031.4,999.9,4.8,44.8,10,5.4
72434013994,3/21/21,33.1,0,26,70,32,15,0,1025.9,999.9,999.4,53.3,10,8.8
72434013994,3/22/21,32.5,0,22.9,70,39,15,0,1018.6,999.9,992.7,57.5,10,9
72434013994,3/23/21,46.5,10000,26,70,43,18.1,0,1008.8,999.9,982.6,59.2,9.5,11.4
72434013994,3/24/21,45.1,10010,35,66,48.9,22.9,0.46,1006.6,999.9,981.4,58,9.6,11.4
72434013994,3/25/21,44.5,10000,25.1,66,48,18.1,0,1010,999.9,983.7,52.8,9.5,7.4
72434013994,3/26/21,43.9,10000,999.9,64,46,15,0.54,1013.7,999.9,988.6,51.8,8.9,7
72434013994,3/27/21,47,10010,26,80.1,46,18.1,0,1014,999.9,987.8,59.9,10,7.7
72434013994,3/28/21,36.5,10010,32.1,63,45,22,0.28,1017.1,999.9,991.8,53.2,9.6,14.5
72434013994,3/29/21,28.3,0,28,72,37.9,18.1,0,1020.8,999.9,994.3,52.7,10,7.5
72434013994,3/30/21,37.6,0,28.9,72,55,17.1,0,1010.7,999.9,985.4,62.6,10,12
72434013994,3/31/21,20.2,0,38.1,73.9,39,19,0,1022.6,999.9,997.6,50,10,12
72434013994,4/1/21,15.6,0,28,54,30,15.9,0,1033.1,999.9,6.6,39.5,10,8.3
72434013994,4/2/21,17.7,0,21,55.9,28.9,12,0,1033.4,999.9,6.5,42.1,10,6.8
72434013994,4/3/21,25.6,0,28,75.9,29.1,21,0,1025.7,999.9,999.4,55.1,10,10
72434013994,4/4/21,37.3,0,17.1,80.1,41,11.1,0,1021.3,999.9,995.7,65.3,10,7
72434013994,4/5/21,44.7,0,19,82,53.1,12,0,1015.8,999.9,990.6,69.7,10,8.4
72434013994,4/6/21,50.1,0,21,82,57.9,14,0,1011.7,999.9,986.9,72.4,10,9
72434013994,4/7/21,53.9,10010,38.1,79,60.8,28,0,1007.6,999.9,982.6,71.2,10,11.3
72434013994,4/8/21,47.4,10010,32.1,77,51.1,21,1.01,1002.4,999.9,977.2,55.8,9.1,11.9
72434013994,4/9/21,45.2,10000,22,80.1,46,13,0.03,1004.5,999.9,979.3,60.3,9.9,6.3
72434013994,4/10/21,51.6,10000,35.9,80.1,46,22,0.66,999.8,999.9,975.1,60.4,8,11.4
72434013994,4/11/21,41.2,10000,35,69.1,48.9,21,0.45,999.3,999.9,974,55.2,9.7,18.2
72434013994,4/12/21,40.5,0,22.9,69.1,45,14,0.04,1009,999.9,984.4,57.4,10,5.7
72434013994,4/13/21,37.1,10000,18.1,68,45,12,0.07,1019.7,999.9,994.5,57.3,9.9,5.9
72434013994,4/14/21,33.8,0,22.9,64.9,48,15,0,1021.1,999.9,995.3,56,10,6.6
72434013994,4/15/21,34.5,0,17.1,63,42.1,12,0,1019.7,999.9,993.8,51.2,10,7
72434013994,4/16/21,36.4,0,999.9,61,42.1,8,0,1016.8,999.9,990.8,52,10,4.4
72434013994,4/17/21,42.7,10000,999.9,62.1,44.1,8,0.01,1014.6,999.9,989,53.4,9.5,6.2
72434013994,4/18/21,40.9,10000,19,66.9,46,15.9,0.07,1014.7,999.9,989,55.1,10,5.8
72434013994,4/19/21,38.7,0,26,72,45,19,0,1013.8,999.9,988.2,56.9,10,8.7
72434013994,4/20/21,31.8,11000,26,59,34,19,0,1017.9,999.9,992.8,41.3,7.6,9.4
72434013994,4/21/21,27.3,10000,21,53.1,30,14,0.33,1023,999.9,996.4,40.4,10,6.5
72434013994,4/22/21,26.7,0,999.9,57.9,30.2,7,0.01,1023.1,999.9,996.7,45.1,10,4.4
72434013994,4/23/21,35.5,10000,19,62.1,32,12,0.02,1018.6,999.9,993.7,52.5,10,8.4
72434013994,4/24/21,48.1,10000,15,62.1,46,11.1,0.27,1011.4,999.9,985.6,55.3,7.1,7.1
72434013994,4/25/21,42.5,0,999.9,66.9,41,15.9,0.41,1016.7,999.9,991.1,54.4,9.8,3.2
72434013994,4/26/21,46.3,0,28.9,82.9,41,21,0,1012.8,999.9,987,64.8,10,12.8
72434013994,4/27/21,53.7,0,28.9,84.9,66,18.1,0,1007.8,999.9,983.3,74.4,10,11.7
72434013994,4/28/21,63.1,10010,22.9,84.9,64,15.9,0,1010,999.9,986.1,72.4,9.2,6.5
72434013994,4/29/21,60.2,10000,29.9,73,62.1,19,0.77,1010,999.9,985.4,67.6,9.6,8.6
72434013994,4/30/21,44.5,0,15.9,79,50,11.1,0.31,1019.6,999.9,994.5,65.7,10,5.9
72434013994,5/1/21,45.2,0,26,86,53.1,17.1,0,1016.7,999.9,991.1,69.3,10,9.6
72434013994,5/2/21,50.4,10000,22.9,86,55.9,15.9,0,1007.4,999.9,982.5,71,10,8.7
72434013994,5/3/21,60,10000,18.1,86,63,15,0.13,1001.8,999.9,977.1,69.4,9.5,6.9
72434013994,5/4/21,56.6,10000,21,86,55,14,0.01,1007.7,999.9,983.4,63.9,9.5,8.7
72434013994,5/5/21,43.7,10000,18.1,69.1,45,11.1,0.07,1017.7,999.9,992.6,56.5,9.9,4.8
72434013994,5/6/21,43.8,10010,31.1,69.1,45,21,0,1019.3,999.9,993.7,60.8,10,8.1
72434013994,5/7/21,38.2,0,28.9,75,45,17.1,0.01,1019,999.9,993.2,59.3,10,8.6
72434013994,5/8/21,36.2,0,25.1,75,45,18.1,0,1016.7,999.9,991.1,57.5,10,10.9
72434013994,5/9/21,45.6,10010,28,61,48.9,18.1,0.04,1009.2,999.9,983,53,9.7,11.5
72434013994,5/10/21,39.2,100000,999.9,63,39.9,8,0.13,1020.4,999.9,994.6,50.3,8.6,2.8
72434013994,5/11/21,39.6,0,20,63,39.9,14,0,1023.4,999.9,997.8,53.2,9.9,5
72434013994,5/12/21,31.4,0,19,64.9,43,13,0,1028.5,999.9,2.7,54.9,10,6.9
72434013994,5/13/21,30.9,0,999.9,68,45,11.1,0,1028.9,999.9,2.9,57.7,10,4.5
72434013994,5/14/21,34.5,0,17.1,73,45,11.1,0,1026.4,999.9,0.6,59.5,10,3.8
72434013994,5/15/21,38.3,10000,19,73,45,11.1,0,1022.5,999.9,997,62.4,10,6.7
72434013994,5/16/21,50.3,10000,999.9,75.9,55.9,13,0,1019.6,999.9,994,64.6,10,7.2
72434013994,5/17/21,60.3,10010,34,75.9,55.9,24.1,0.02,1016.2,999.9,991.3,67.1,9.6,9.3
72434013994,5/18/21,60.5,10000,26,75,62.1,18.1,0.56,1016.8,999.9,991.7,66.1,8,12.2
72434013994,5/19/21,62,10000,25.1,80.1,62.1,17.1,0.4,1018.3,999.9,993.4,71.9,10,12.2
72434013994,5/20/21,60.5,0,27,86,66.9,17.1,0,1019.8,999.9,995.1,76.1,10,11.9
72434013994,5/21/21,58.3,0,21,87.1,69.1,14,0,1023.2,999.9,998.7,78.4,10,10.3
72434013994,5/22/21,59.2,0,17.1,87.1,70,12,0,1026.1,999.9,1.3,78,10,7.8
72434013994,5/23/21,60.7,0,999.9,89.1,64.9,9.9,0,1023.2,999.9,998.1,77.3,10,3.5
72434013994,5/24/21,58.9,0,21,89.1,64.9,12,0,1019.6,999.9,995,79.5,10,5.7
72434013994,5/25/21,59.8,10000,25.1,88,66.9,18.1,0,1017,999.9,992.4,80,10,8.6
72434013994,5/26/21,61.8,10000,22.9,88,68,17.1,0.16,1016.7,999.9,992,75.7,9.3,6
72434013994,5/27/21,62.5,10010,32.1,88,68,13,0,1015.5,999.9,990.3,74.8,9.1,6.7
72434013994,5/28/21,57.7,10000,26,84,53.1,18.1,1.29,1012.2,999.9,987.3,62.4,8.9,8.8
72434013994,5/29/21,44.3,10000,18.1,68,48.9,12,0.04,1020.4,999.9,994.5,53.1,9.8,8.7
72434013994,5/30/21,42.3,0,15,72,45,11.1,0,1023.8,999.9,998.2,58.3,9.7,3.1
72434013994,5/31/21,46.4,0,999.9,77,45,9.9,0,1023.6,999.9,998.1,66.1,10,4.3
72434013994,6/1/21,53.5,10000,999.9,77,60.1,8,0,1021.2,999.9,996,67.8,10,4.3
72434013994,6/2/21,58.3,10000,999.9,73,62.1,8.9,0,1015.4,999.9,990,66.2,9.8,6
72434013994,6/3/21,58.5,10000,999.9,84.9,63,8,0.03,1012.9,999.9,988.1,72.8,10,3.9
72434013994,6/4/21,57,0,19,88,62.1,9.9,0,1015.2,999.9,990.6,76.5,10,5.8
72434013994,6/5/21,59.3,0,20,89.1,62.1,9.9,0,1014.1,999.9,989.5,79.8,10,7.2
72434013994,6/6/21,63.7,0,20,89.1,70,14,0,1012.3,999.9,988,79.3,10,8.2
72434013994,6/7/21,67.1,10000,15.9,87.1,73,13,0,1011.8,999.9,987.4,78.4,10,8.6
72434013994,6/8/21,67.3,10000,999.9,87.1,70,9.9,0,1013.4,999.9,989,75.8,9.4,6.7
72434013994,6/9/21,68.6,10000,999.9,86,70,9.9,0.1,1014,999.9,989.5,76.6,9,3.5
72434013994,6/10/21,68.9,10000,999.9,91.9,70,8,0,1012.3,999.9,987.7,82,9.9,3.1
72434013994,6/11/21,67.9,0,999.9,96.1,73,7,0,1009.4,999.9,985.2,85.8,10,2.9
72434013994,6/12/21,70,0,14,96.1,73.9,8.9,0,1009.5,999.9,985.5,87.2,10,4.8
72434013994,6/13/21,59.6,0,19,96.1,73,13,0,1012.7,999.9,988.7,84.3,10,8
72434013994,6/14/21,58.6,0,22.9,96.1,66.9,14,0,1014,999.9,989.7,82.8,10,6.2
72434013994,6/15/21,53,0,999.9,96.1,66,11.1,0,1016.2,999.9,991.9,80.3,10,4.8
72434013994,6/16/21,55.7,0,999.9,91,66,8.9,0,1016.3,999.9,991.8,79,10,3.9
72434013994,6/17/21,60.9,0,20,96.1,66.9,13,0,1014,999.9,989.3,81.9,10,6.8
72434013994,6/18/21,71.2,0,22.9,100.9,68,15,0,1010.3,999.9,986.1,90.1,10,10.7
72434013994,6/19/21,70.1,10010,31.1,97,69.8,19,0,1009.3,999.9,985.5,85.4,9.7,11.2
72434013994,6/20/21,66.3,10010,31.1,93,70,19,0.36,1006.2,999.9,982,81.3,10,8.3
72434013994,6/21/21,61.8,10010,33,93,68,24.1,0.2,1007.4,999.9,982.9,75.1,10,11.5
72434013994,6/22/21,46.9,0,999.9,82,55.9,9.9,0.01,1015.8,999.9,990.8,67.9,10,4
72434013994,6/23/21,48.2,0,24.1,87.1,64.9,15,0,1016.1,999.9,991.4,75.3,10,9.6
72434013994,6/24/21,60.7,10010,20,87.1,64.9,13,0,1014.5,999.9,989.9,77.9,9.9,9.3
72434013994,6/25/21,70.8,10010,25.1,91,71.1,15.9,1.18,1011.6,999.9,987.4,79.6,9.3,9.3
72434013994,6/26/21,71.5,110010,35,91.9,71.1,24.1,1.46,1009.4,999.9,985.5,82.9,9,12.2
72434013994,6/27/21,70.8,10010,24.1,91.9,73.9,15,0.06,1012.6,999.9,988.5,79.5,9.9,8.9
72434013994,6/28/21,71.8,10010,29.9,91,73.9,21,0.24,1017.5,999.9,993.2,78.5,9.2,5.6
72434013994,6/29/21,71.8,10010,999.9,93,73.9,9.9,1.58,1019.8,999.9,995.2,82,10,4.1
72434013994,6/30/21,69.8,10010,999.9,93,73,9.9,0,1018.9,999.9,994.1,77.6,10,3.1
72434013994,7/1/21,69.3,10000,999.9,84,71.6,9.9,0.74,1014.8,999.9,990,77.1,9.2,4.5
72434013994,7/2/21,58,0,19,84.9,63,15,0.02,1016.6,999.9,992.1,74.6,10,6.8
72434013994,7/3/21,58.3,0,999.9,84,63,9.9,0,1017,999.9,992.3,74.1,10,3.5
72434013994,7/4/21,59.7,0,999.9,90,63,8.9,0,1015.6,999.9,990.9,78.2,10,4.4
72434013994,7/5/21,63.3,0,999.9,91,68,8.9,0,1015.9,999.9,991.5,81.8,9.5,4
72434013994,7/6/21,66.4,0,15.9,91.9,72,11.1,0,1016.6,999.9,992.1,83.8,10,4.7
72434013994,7/7/21,64.7,10000,999.9,93,73,13,0,1013.1,999.9,988.7,84.5,9.7,5.5
72434013994,7/8/21,69.4,0,18.1,93,75,13,0.02,1010.7,999.9,986.6,82.1,10,5.5
72434013994,7/9/21,66.9,0,15.9,88,69.1,9.9,0,1015.1,999.9,990.7,78.3,10,4.8
72434013994,7/10/21,68.3,110010,61,87.1,66.2,42,2.41,1011.8,999.9,987.8,75.8,8.9,8.4
72434013994,7/11/21,66.1,10010,999.9,82.9,66.9,12,0.89,1009,999.9,984.6,74.9,10,3.2
72434013994,7/12/21,66.8,10000,21,86,69.1,13,0.01,1012.3,999.9,987.8,75,9.3,6.2
72434013994,7/13/21,67,10000,999.9,86,70,9.9,0.11,1017.2,999.9,992.6,75.2,9.8,5.6
72434013994,7/14/21,67,0,21,91.9,71.1,12,0,1019.2,999.9,994.4,80.5,10,5.5
72434013994,7/15/21,69.3,0,24.1,91.9,71.1,15,0,1015.7,999.9,991.2,84.4,10,10.4
72434013994,7/16/21,68.9,10010,31.1,90,71.1,15.9,0.76,1013.9,999.9,989.4,74.9,8.7,4.8
72434013994,7/17/21,68,100000,999.9,84.9,70,8.9,0.22,1016.5,999.9,992.2,76.9,8.4,3.6
72434013994,7/18/21,65,0,999.9,84.9,69.1,11.1,0,1019,999.9,994.4,77.5,9.7,5.3
72434013994,7/19/21,65.5,0,19,86,69.1,13,0,1018.8,999.9,994.2,78.3,9.7,6.9
72434013994,7/20/21,65.2,0,999.9,86,69.1,12,0,1018.3,999.9,993.6,78.2,9.8,5
72434013994,7/21/21,67.3,0,999.9,89.1,69.1,7,0,1017.6,999.9,993.3,79.4,9.4,2.7
72434013994,7/22/21,68.4,0,15,90,70,8.9,0,1019.5,999.9,995.1,83,8.4,3.7
72434013994,7/23/21,69.3,0,999.9,93,73.9,8.9,0,1018.7,999.9,994.1,83.8,6.8,4.9
72434013994,7/24/21,71.7,0,18.1,96.1,75,12,0,1014.8,999.9,990.4,86,9.6,7.2
72434013994,7/25/21,73.2,10010,17.1,96.1,75.9,14,0,1012.7,999.9,988.8,84.5,9.6,6.5
72434013994,7/26/21,66.2,0,999.9,91,73,6,0.64,1014.9,999.9,990.7,82.2,10,3
72434013994,7/27/21,66,0,999.9,91.9,72,7,0,1016,999.9,991.7,82.4,9.7,2.8
72434013994,7/28/21,69.6,0,999.9,95,72,7,0,1016.6,999.9,992.2,84.1,9.8,2.8
72434013994,7/29/21,74.5,0,19,97,73,14,0,1014.6,999.9,990.4,88,9.6,6.2
72434013994,7/30/21,70.4,10010,24.1,93,75.2,15,0.18,1016.1,999.9,991.8,81.5,9.3,7.8
72434013994,7/31/21,65.6,10010,999.9,87.1,68,9.9,0,1016,999.9,991.2,74.3,9.8,7.4
72434013994,8/1/21,64.4,0,999.9,86,64,11.1,0.06,1016.6,999.9,991.6,73.4,8.2,7.3
72434013994,8/2/21,59.8,0,999.9,86,64,12,0,1018.8,999.9,994.1,74.5,9.2,5.2
72434013994,8/3/21,57.2,0,999.9,82,64,8.9,0,1018.3,999.9,993.4,73.8,10,3.4
72434013994,8/4/21,57.7,0,999.9,84.9,63,6,0,1018.8,999.9,994,74.7,10,3.4
72434013994,8/5/21,57.8,0,17.1,87.1,63,11.1,0,1018.6,999.9,993.8,76.5,10,3.5
72434013994,8/6/21,62.3,0,15.9,89.1,64.9,8.9,0,1016.3,999.9,991.6,79.5,10,7
72434013994,8/7/21,67.4,0,17.1,93,72,11.1,0,1014.6,999.9,990.1,82.9,9.9,6.8
72434013994,8/8/21,69.4,10010,41,93,72,28,0,1012.1,999.9,987.8,83,9.5,9.9
72434013994,8/9/21,70.6,110010,28,95,72,17.1,1.59,1011.5,999.9,987.1,79.4,9.2,8.2
72434013994,8/10/21,73.5,10010,35,95,72,18.1,0.02,1013.1,999.9,988.9,85.4,9.9,9.4
72434013994,8/11/21,72.7,0,28.9,97,75.9,17.1,0.39,1012.6,999.9,988.3,86.8,10,10.4
72434013994,8/12/21,71.4,10010,49.9,96.1,71.6,35.9,0,1013.1,999.9,989.4,88.3,10,9.9
72434013994,8/13/21,67.7,110010,26,97,70,22.9,0.91,1017.6,999.9,993.1,76.9,9.2,5
72434013994,8/14/21,62.9,0,999.9,90,68,8.9,0,1021.5,999.9,997,77.6,10,5.5
72434013994,8/15/21,60.8,0,15,84,66.9,9.9,0,1020.4,999.9,995.5,75.8,10,4.8
72434013994,8/16/21,61.9,0,999.9,84.9,66,9.9,0,1016.7,999.9,991.8,75.1,10,4.2
72434013994,8/17/21,65.5,0,999.9,88,66,6,0,1014.7,999.9,990.1,78.7,9.5,2.8
72434013994,8/18/21,65.9,0,999.9,90,71.1,8.9,0,1015.9,999.9,991.7,81,10,3.4
72434013994,8/19/21,67,0,999.9,90,71.1,8,0,1017.2,999.9,992.6,79.9,10,4.2
72434013994,8/20/21,70.1,0,22,91.9,71.1,12,0,1012.9,999.9,988.5,82.2,9.7,6.9
72434013994,8/21/21,71.3,10000,18.1,91.9,75,12,0,1009.9,999.9,985.5,81.9,9.6,7.2
72434013994,8/22/21,66.7,0,999.9,90,70,8.9,0,1014,999.9,989.7,80.1,10,4.5
72434013994,8/23/21,69.3,10010,35.9,98.1,70,22.9,0,1014.2,999.9,989.8,82.7,10,5.4
72434013994,8/24/21,71.5,0,20,98.1,73.9,15,0.52,1014,999.9,989.6,83.4,10,6.2
72434013994,8/25/21,72.5,0,22,100,73.9,11.1,0,1015.5,999.9,991.5,89.3,10,5.9
72434013994,8/26/21,73.3,10010,29.9,100,75.9,20,0,1017.3,999.9,993.1,86.3,9.9,5.7
72434013994,8/27/21,69.4,10010,999.9,95,73,17.1,0.08,1016.3,999.9,991.7,82,10,6.4
72434013994,8/28/21,70.1,0,17.1,95,73,11.1,0,1016.9,999.9,992.8,86.1,10,7.5
72434013994,8/29/21,70.2,0,21,95,78.1,12,0,1016.5,999.9,992.2,85.5,10,7.2
72434013994,8/30/21,70.5,10010,24.1,95,73.9,18.1,0,1014,999.9,989.3,81.8,9.8,3.9
72434013994,8/31/21,69.3,0,999.9,90,71.1,9.9,0.12,1008,999.9,983.6,77,9.2,5.2
72434013994,9/1/21,65.5,10010,36.9,86,68,20,1.22,1010,999.9,985.2,75.5,9.3,6.3
72434013994,9/2/21,56.5,0,15,84,62.1,12,0,1016.3,999.9,991.7,72.5,10,6.6
72434013994,9/3/21,58.9,0,999.9,81,62.1,12,0,1016.5,999.9,991.5,72.1,10,7.5
72434013994,9/4/21,68,110010,22.9,79,64,14,0.75,1012.7,999.9,987.7,75.1,9.2,7.3
72434013994,9/5/21,62.9,10000,999.9,82.9,64,8,0.14,1013.5,999.9,988.9,73.7,10,4.6
72434013994,9/6/21,58.7,0,999.9,88,64,9.9,0,1015.1,999.9,990.3,75,10,4.7
72434013994,9/7/21,60.8,0,22.9,91.9,64.9,17.1,0,1011.6,999.9,987,79.9,10,9.3
72434013994,9/8/21,56.7,0,24.1,91.9,64,14,0,1010.9,999.9,986.7,77.8,10,8.9
72434013994,9/9/21,53.1,0,15.9,84.9,59,9.9,0,1015.6,999.9,990.9,71.1,10,5.3
72434013994,9/10/21,55.9,0,21,86,59,12,0,1017.1,999.9,992.2,72.9,10,4.9
72434013994,9/11/21,59.8,0,17.1,89.1,60.1,14,0,1014.7,999.9,990.2,79.1,10,8.9
72434013994,9/12/21,61.3,0,22,91,71.1,15.9,0,1016.7,999.9,992.4,81.1,10,10.1
72434013994,9/13/21,62.2,0,21,91,69.1,15,0,1017.5,999.9,992.8,79.8,10,7.7
72434013994,9/14/21,67.7,10010,33,93,69.1,22,0,1012.4,999.9,987.9,82.3,10,9.8
72434013994,9/15/21,61.6,10000,999.9,93,68,8.9,0.36,1013.9,999.9,989.5,74.1,9.9,5.2
72434013994,9/16/21,57.6,0,999.9,84.9,61,8.9,0.12,1016.2,999.9,991.4,72.4,10,4.4
72434013994,9/17/21,61.6,0,999.9,89.1,62.1,7,0,1016.7,999.9,992.1,76.5,9.7,2.4
72434013994,9/18/21,67.6,0,999.9,91,64.9,7,0,1018.4,999.9,993.9,80.4,9.8,3
72434013994,9/19/21,66.8,10010,27,91,70,20,0,1016.8,999.9,991.9,79.1,9.9,5.6
72434013994,9/20/21,68.7,0,22,88,70,13,0.03,1012,999.9,987.5,78.4,10,8.9
72434013994,9/21/21,63.2,10010,26,88,63,18.1,1.68,1014.8,999.9,991,71.3,8,9.5
72434013994,9/22/21,49.7,0,28,79,55,19,0.02,1020.8,999.9,995.4,63.4,10,9
72434013994,9/23/21,46,0,14,73.9,51.1,9.9,0,1019,999.9,993.5,61.8,10,4.4
72434013994,9/24/21,47.3,0,999.9,82,51.1,13,0,1016.7,999.9,991.4,66.3,10,4.1
72434013994,9/25/21,50.8,10000,22,82,54,13,0.06,1017.4,999.9,992.7,67.7,9.5,7.2
72434013994,9/26/21,47.6,0,21,86,55,12,0,1016.9,999.9,991.5,67.8,10,4.9
72434013994,9/27/21,55.7,0,22,91,72,13,0,1012,999.9,987.4,79.3,10,10.3
72434013994,9/28/21,57.3,0,999.9,91.9,68,8,0,1012,999.9,987.6,78.5,10,4
72434013994,9/29/21,61.1,0,15.9,91,64,9.9,0,1013.7,999.9,989.4,77.4,9.9,4.3
72434013994,9/30/21,63.8,0,15.9,88,64.9,11.1,0,1017.1,999.9,992.7,76,10,5.7
72434013994,10/1/21,63.7,0,22,87.1,66,14,0,1019.1,999.9,994.2,74.2,10,6.2
72434013994,10/2/21,67.4,10000,999.9,84,66,11.1,0,1016.2,999.9,991.1,74.6,9.3,6.7
72434013994,10/3/21,64.5,10000,22,80.1,66,14,0.14,1012.2,999.9,987.2,71.4,9.7,7.8
72434013994,10/4/21,60.6,10000,17.1,79,59,9.9,0.32,1014.1,999.9,989.3,68.7,10,5.9
72434013994,10/5/21,60.2,0,999.9,79,60.1,11.1,0,1018.5,999.9,993.7,68,9.7,4.8
72434013994,10/6/21,62.8,10000,999.9,79,62.1,9.9,0,1018.5,999.9,993.4,69.5,9.4,6
72434013994,10/7/21,61.7,0,999.9,79,64,8.9,0.02,1016.9,999.9,992.1,69.8,9.7,3.9
72434013994,10/8/21,59.1,0,999.9,82.9,61,7,0,1016.1,999.9,991,70.5,10,2.5
72434013994,10/9/21,62.1,0,999.9,87.1,61,9.9,0,1011.4,999.9,986.5,76.3,10,5.7
72434013994,10/10/21,61.6,0,24.1,88,66.9,15,0,1007.1,999.9,982.6,78.3,10,10.3
72434013994,10/11/21,62.9,10010,29.9,88,66,19,0,1003.6,999.9,978.8,74.5,9.4,13.4
72434013994,10/12/21,51.6,0,24.1,79,55,17.1,0.44,1012.2,999.9,987.6,66.5,10,8.7
72434013994,10/13/21,57.4,10000,22.9,84,57,13,0,1011.8,999.9,986.7,69.1,9.9,7.4
72434013994,10/14/21,63,10000,21,84,59,13,0.02,1010.3,999.9,986.8,71.4,8.5,6
72434013994,10/15/21,59.5,10000,31.1,77,53.1,19,0.86,1011.8,999.9,986.6,63.4,6.3,5.1
72434013994,10/16/21,40.6,0,25.1,66,46,15,0.06,1020.1,999.9,994.7,53.9,10,8.5
72434013994,10/17/21,38.3,0,999.9,73,45,11.1,0,1023.5,999.9,997.7,56.3,10,5.5
72434013994,10/18/21,42.8,0,999.9,77,45,8,0,1021,999.9,995.3,60.5,10,3.4
72434013994,10/19/21,45,0,17.1,77,48,12,0,1019.4,999.9,994.1,62.2,10,6.2
72434013994,10/20/21,50.7,0,999.9,81,51.1,12,0,1017.5,999.9,992.2,66.4,10,6.9
72434013994,10/21/21,48.7,10000,24.1,81,50,15.9,0.05,1016.6,999.9,991.5,59.6,9.8,10.5
72434013994,10/22/21,43.7,0,999.9,66.9,50,8.9,0,1019.2,999.9,993.5,54.1,10,5
72434013994,10/23/21,45.2,0,999.9,61,46.9,8.9,0,1015.8,999.9,990,53,9.9,5
72434013994,10/24/21,57.1,10010,29.9,81,48,17.1,0.02,1008.4,999.9,983.2,64.3,8.2,9.4
72434013994,10/25/21,48.4,10010,35.9,81,50,25.1,0,1009.5,999.9,984.5,58.5,9.8,16
72434013994,10/26/21,41.1,0,17.1,62.1,39.9,11.1,0,1018.8,999.9,992.9,50.6,10,5.1
72434013994,10/27/21,41.7,0,25.1,66,42.1,17.1,0,1012.2,999.9,986.1,55.4,10,11.3
72434013994,10/28/21,45.6,10000,27,66,48.9,15.9,0.39,998.7,999.9,972.2,54.4,5.7,10.6
72434013994,10/29/21,49.9,10000,24.1,55.9,48.9,13,0.2,999.8,999.9,975.2,53.8,7.8,9.6
72434013994,10/30/21,47,10000,20,61,50,13,0.1,1007,999.9,981.5,53.5,9.7,9.8
72434013994,10/31/21,41.6,0,21,61,42.1,14,0,1015.3,999.9,990.2,49.5,9.7,6.4
72434013994,11/1/21,32.6,10000,999.9,60.1,37.9,8,0,1027.6,999.9,1.7,44.6,10,4.4
72434013994,11/2/21,31.5,10000,999.9,51.1,36,8.9,0.01,1030.8,999.9,4.3,42.7,9.9,4.6
72434013994,11/3/21,27.7,0,999.9,53.1,33.1,7,0,1030.3,999.9,3.6,42,10,1.2
72434013994,11/4/21,27.2,0,999.9,53.1,32,7,0,1028.3,999.9,1.8,42.8,10,1.7
72434013994,11/5/21,28.7,0,999.9,55,30.9,11.1,0,1027.4,999.9,0.9,42.6,9.8,3.5
72434013994,11/6/21,31,0,999.9,63,31.1,7,0,1024.9,999.9,998.5,46.9,10,3.6
72434013994,11/7/21,37,0,999.9,69.1,34,9.9,0,1022.4,999.9,996.4,54,10,3.7
72434013994,11/8/21,39.7,0,999.9,75.9,39,9.9,0,1020.4,999.9,994.9,59.4,10,6.1
72434013994,11/9/21,45.1,0,999.9,75.9,42.1,9.9,0,1019.8,999.9,994.4,61.4,10,6.3
72434013994,11/10/21,50.7,0,22,69.1,52,14,0,1017,999.9,991.1,59.7,9.3,6.5
72434013994,11/11/21,42.9,10000,33,69.1,52,24.1,0.06,1008.3,999.9,982.9,58.3,9.8,12
72434013994,11/12/21,24.9,1000,32.1,53.1,41,22,0.01,1012.9,999.9,987.3,46.5,10,14.5
72434013994,11/13/21,24.8,0,29.9,50,36,19,0,1019.9,999.9,993.7,38.4,10,11.6
72434013994,11/14/21,30,10000,29.9,50,36,20,0.08,1016.2,999.9,989.5,43.7,9.6,11
72434013994,11/15/21,28.8,0,19,64,30.9,11.1,0.01,1019.1,999.9,992.6,43.5,10,6
72434013994,11/16/21,40.6,0,27,73,31.1,15.9,0,1014.1,999.9,987.9,52.5,10,4.8
72434013994,11/17/21,53.4,10000,29.9,73,39,21,0,1010.5,999.9,985.9,63.1,10,11.7
72434013994,11/18/21,24,10000,27,50,37.9,18.1,0,1025.9,999.9,0.4,45.2,10,10
72434013994,11/19/21,19.8,0,19,48.9,25,13,0,1033,999.9,6,36.9,10,5.4
72434013994,11/20/21,25.7,0,19,63,27.1,12,0,1023.4,999.9,996.7,48.5,10,7.7
72434013994,11/21/21,36.4,0,999.9,63,42.1,12,0,1019.4,999.9,993.6,54.1,10,5.5
72434013994,11/22/21,16.5,0,28.9,62.1,30.9,17.1,0,1025.6,999.9,999.4,38.5,10,7.1
72434013994,11/23/21,16.2,0,22.9,54,27,13,0,1024.5,999.9,997.4,37.3,10,5.6
72434013994,11/24/21,30.9,0,28.9,66.9,27.1,19,0,1016.1,999.9,989.9,51.2,10,10.1
72434013994,11/25/21,36.2,10000,25.1,66.9,30.9,17.1,0.18,1021.6,999.9,995.5,47.3,9.4,11.5
72434013994,11/26/21,13.6,0,999.9,57,21.9,12,0.17,1027,999.9,999.5,30.5,10,5.7
72434013994,11/27/21,24.1,0,999.9,60.1,22.1,8.9,0,1014.7,999.9,988.1,43,10,5.7
72434013994,11/28/21,27.4,0,18.1,60.1,31.1,14,0,1019.6,999.9,994,44.5,10,7.7
72434013994,11/29/21,20,0,21,59,30.9,14,0,1020.3,999.9,993.4,42.2,10,6.6
72434013994,11/30/21,34.5,0,999.9,59,31.1,9.9,0,1017.2,999.9,991.7,50.3,10,5.7
72434013994,12/1/21,40.4,10000,999.9,66.9,39,8.9,0.01,1015.5,999.9,989.6,52.1,10,5.3
72434013994,12/2/21,37.2,0,999.9,72,46,14,0,1013.6,999.9,988.2,58.7,10,8.3
72434013994,12/3/21,41.5,0,999.9,75.9,43,9.9,0,1014.1,999.9,988.5,56.7,10,4.3
72434013994,12/4/21,35.7,0,21,75.9,37.9,12,0,1021.6,999.9,996.3,48.9,9.7,7.3
72434013994,12/5/21,34.7,10000,22.9,62.1,36,15,0,1015,999.9,988.1,47.4,9.9,9
72434013994,12/6/21,28.3,0,28.9,62.1,35.1,18.1,0.01,1016.2,999.9,991.4,45,9.9,12.3
72434013994,12/7/21,10.5,0,999.9,35.1,25,9.9,0,1025.9,999.9,998.6,29,10,7.1
72434013994,12/8/21,20.9,0,999.9,50,24.1,11.1,0,1018.4,999.9,991.5,36,10,5.3
72434013994,12/9/21,31.4,0,22,68,28.2,15,0,1010,999.9,983.4,48.5,10,9.9
72434013994,12/10/21,47.6,110000,22.9,68,37.9,14,0,1006.7,999.9,981.2,52.6,5.8,5.6
72434013994,12/11/21,37.6,10010,41,68,37.9,27,0.92,1008.7,999.9,982.5,50.6,9.3,16.8
72434013994,12/12/21,20.8,0,21,64.9,34,15,0,1023.8,999.9,997.4,42.2,10,8.2
72434013994,12/13/21,25.8,0,999.9,60.1,30.9,11.1,0,1023.3,999.9,997.1,44.7,10,6.2
72434013994,12/14/21,39.1,10000,22,68,31.1,15,0,1024.4,999.9,998,50.2,10,6.8
72434013994,12/15/21,57.5,10000,29.9,69.1,57.9,19,0.05,1016.2,999.9,990.3,63.6,9.6,12.1
72434013994,12/16/21,45.2,10000,38.1,71.1,42.1,24.1,0.09,1013.3,999.9,988,57.7,8.7,13.3
72434013994,12/17/21,27.8,10000,17.1,43,30.9,13,0.22,1021.8,999.9,995.1,36.9,9.5,5.4
72434013994,12/18/21,32.6,10000,21,39.9,30.2,14,0.3,1020.5,999.9,992.4,37.8,7.4,9.2
72434013994,12/19/21,22.7,0,999.9,39.9,23,7,0.09,1028.4,999.9,1.6,31.1,10,3
72434013994,12/20/21,25.3,0,999.9,50,25,11.1,0,1024.9,999.9,997.8,35.9,9.5,5.5
72434013994,12/21/21,26.8,0,999.9,52,25,15,0,1018,999.9,991,37.3,9.7,4.1
72434013994,12/22/21,20.1,0,999.9,52,26.1,11.1,0,1018.6,999.9,992.5,36.1,10,6.7
72434013994,12/23/21,29.2,0,22.9,64.9,28.2,15,0,1015.1,999.9,988.6,44.9,10,8.9
72434013994,12/24/21,47.3,0,25.1,73,48,15.9,0,1004.9,999.9,978.9,57.8,10,10.1
72434013994,12/25/21,51.4,10000,15.9,73,45,13,0,1001.4,999.9,977.8,60.2,9.3,8.4
72434013994,12/26/21,41,100000,999.9,50,42.1,17.1,0,1014.8,999.9,989.1,45.4,4.4,6.1
72434013994,12/27/21,47.3,10000,26,64,42.1,20,0.01,1006.5,999.9,981,58,8.6,12.1
72434013994,12/28/21,33.4,10010,29.9,46.9,41,20,0.04,1007.5,999.9,980.8,44.3,8.7,8.5
72434013994,12/29/21,35.3,10000,999.9,46.9,35.1,9.9,1.04,1010.1,999.9,984.5,40.4,8.1,6.4
72434013994,12/30/21,37.3,110000,999.9,50,36,8,0.06,1011.7,999.9,985.7,41,2.7,4.1
72434013994,12/31/21,44.4,100000,20,68,37,11.1,0.01,1005.2,999.9,980.5,51.1,6.2,4.6
72434013994,1/1/22,37.7,10000,21,63,35.6,15,0.01,1005.3,999.9,980.5,43.9,8.1,7.3
72434013994,1/2/22,18.5,11000,22,48.9,17.1,15.9,0.62,1020.4,999.9,992.4,23.9,8.2,12.1
72434013994,1/3/22,9.6,0,999.9,34,12.9,12,0,1031.1,999.9,3.4,20.6,10,5.7
72434013994,1/4/22,18.6,0,28,43,12.9,22,0,1021.7,999.9,993.5,31.8,10,10.1
72434013994,1/5/22,17.6,0,28.9,43,24.1,19,0,1012.4,999.9,986.4,33.7,10,14.1
72434013994,1/6/22,5,1000,22,24.1,15.1,15.9,0,1023.4,999.9,996.5,19.2,9.9,10.7
72434013994,1/7/22,-1.3,0,20,24.1,7,13,0,1029.4,999.9,1.6,12.7,10,6.8
72434013994,1/8/22,14.9,10000,21,44.1,7,14,0,1023.2,999.9,995,26.7,9.7,11
72434013994,1/9/22,29.7,10000,22,46.9,19.2,15,0.15,1028.8,999.9,998.7,37.9,7.7,9.5
72434013994,1/10/22,12,0,999.9,46.9,17.1,12,0.02,1037.2,999.9,9.6,25.7,10,6.4
72434013994,1/11/22,14.4,0,17.1,52,17.1,12,0,1034.1,999.9,6.1,29.9,10,7
72434013994,1/12/22,24.6,0,999.9,59,37.9,15,0,1020.5,999.9,993.8,46.8,10,8.6
72434013994,1/13/22,29.9,10000,999.9,59,35.1,11.1,0,1015.2,999.9,989.2,43.2,10,5.8
72434013994,1/14/22,30.9,0,999.9,54,30,9.9,0.01,1018.5,999.9,992.1,37.7,8.8,4
72434013994,1/15/22,31.2,11000,27,45,28,15,0.45,1020.5,1.2,993.6,33.6,3.9,9.6
72434013994,1/16/22,17.7,0,20,34,17.1,15,0.1,1019.2,1.2,991.4,23.7,9.9,6.3
72434013994,1/17/22,24.9,1000,28,37,18,17.1,0.01,1014.3,1.2,987.6,32.1,9.7,11.4
72434013994,1/18/22,28.5,0,21,57,28,13,0,1015.6,1.2,988.6,37.8,10,5.9
72434013994,1/19/22,28.4,0,26,57,21.9,18.1,0,1017.1,999.9,991.8,39.1,10,10.6
72434013994,1/20/22,2.7,0,22.9,21.9,7,15,0,1036,999.9,8.4,13.7,10,11.5
72434013994,1/21/22,3.9,0,999.9,26.1,5,8.9,0,1037,999.9,8.7,13.5,10,4.3
72434013994,1/22/22,11.7,0,17.1,45,6.1,15,0,1030.9,999.9,2.9,25.8,10,6.6
72434013994,1/23/22,21.1,0,24.1,45,17.1,15.9,0,1018.8,999.9,991.8,35.3,10,9.2
72434013994,1/24/22,25,10000,17.1,51.1,23,15,0,1010.9,999.9,984,35.6,10,7.7
72434013994,1/25/22,12.1,1000,22,51.1,10.9,15.9,0,1024.8,999.9,997.5,22.3,10,9.4
72434013994,1/26/22,1.3,0,999.9,27,5,9.9,0,1034.6,999.9,6.5,14.8,10,4.8
72434013994,1/27/22,16.5,1000,22,39,6.1,15,0,1026.1,999.9,998.6,30.4,9.5,8.4
72434013994,1/28/22,20.5,1000,25.1,39,21.9,15.9,0,1027.1,999.9,0.3,29.8,9.5,10
72434013994,1/29/22,9.2,0,15,42.1,14,12,0,1026.5,999.9,998.3,23.3,10,5.7
72434013994,1/30/22,19.6,0,22,42.1,14.2,15.9,0,1015.9,999.9,989.5,33.2,10,8.3
72434013994,1/31/22,21.9,0,21,51.1,25,15.9,0,1020,999.9,993,34.5,9.9,7.8
72434013994,2/1/22,36.4,10000,20,63,28.2,12,0,1014.5,999.9,988.4,48.8,10,8.2
72434013994,2/2/22,28.2,11000,25.1,52,19,18.1,0.81,1019.4,2,993.4,28.9,3.7,11.8
72434013994,2/3/22,15,101000,24.1,19.9,15.8,15,0.47,1027.8,5.9,0.4,17.8,3.2,11.7
72434013994,2/4/22,12.5,1000,19,28.9,8.1,13,0.27,1031.5,5.9,3.7,17.9,9.7,8.1
72434013994,2/5/22,9.4,0,999.9,28.9,5,13,0,1034,5.9,5.9,17.9,10,6.8
72434013994,2/6/22,20.3,0,999.9,46.9,7,12,0,1025.7,5.1,998.1,29.5,10,6.7
72434013994,2/7/22,24.8,0,999.9,46.9,14.2,7,0,1025.8,5.1,999,30.6,10,3.5
72434013994,2/8/22,29.7,0,20,59,24.1,14,0,1018.9,3.1,991.6,39.9,10,7.3
72434013994,2/9/22,34.7,0,27,59,27.1,19,0,1012.5,1.2,986.5,45,10,7.8
72434013994,2/10/22,31,0,17.1,55,30.9,11.1,0,1016.7,2,990.5,39.7,10,7.1
72434013994,2/11/22,36.6,10000,22.9,50,37.9,15.9,0,1009,999.9,982.8,45.5,9.5,8.5
72434013994,2/12/22,20.3,1000,28.9,50,18,17.1,0.1,1026.2,999.9,999.7,27,9.7,12.1
72434013994,2/13/22,16.1,0,22.9,36,19,15.9,0,1028.2,999.9,0.5,24.3,10,7.2
72434013994,2/14/22,20.5,0,999.9,46,18,11.1,0,1026.6,999.9,999.3,27.9,10,5.9
72434013994,2/15/22,30.3,0,25.1,64,19.9,15,0,1025.6,999.9,998.3,38.1,10,8.1
72434013994,2/16/22,40,0,31.1,64.9,54,20,0,1013.9,999.9,988,59,10,15.2
72434013994,2/17/22,40.4,111000,32.1,64.9,24.1,24.1,0.79,1011.7,1.2,985.8,44.5,5.6,12.1
72434013994,2/18/22,12.3,1000,24.1,42.1,12.9,17.1,0.76,1025.8,1.2,998.6,23,9.6,8.9
72434013994,2/19/22,13.3,0,24.1,42.1,12.9,15.9,0,1028.2,999.9,1.9,32.5,10,8.1
72434013994,2/20/22,19,0,31.1,66,27,22.9,0,1021.7,999.9,994.2,42.4,10,11.9
72434013994,2/21/22,36,0,32.1,66.9,31.1,22,0,1012.9,999.9,987,54.7,10,10.5
72434013994,2/22/22,50.7,10000,31.1,66.9,33.1,19,0.15,1008.8,999.9,983.7,56.8,9.5,12
72434013994,2/23/22,12.3,1000,25.1,33.1,18,19,0.02,1029.6,999.9,4.2,22.9,9.4,11
72434013994,2/24/22,20.5,11000,999.9,30,19,12,0.19,1030,1.2,999.8,24.9,5.5,6.5
72434013994,2/25/22,19.7,11000,28,30.2,21.9,15.9,0,1031.5,1.2,3.2,26.3,7.8,9.7
72434013994,2/26/22,16.4,0,999.9,39,17.1,8,0,1036,999.9,8.5,26.6,9.8,2.4
72434013994,2/27/22,20.1,0,999.9,53.1,18,8,0,1028.9,1.2,1.6,34.7,9.8,3.7
72434013994,2/28/22,21.1,0,20,64.9,21.9,15.9,0,1023.6,999.9,996.8,43.8,10,5.1
72434013994,3/1/22,25.3,0,22,75.9,31.1,15.9,0,1016.9,999.9,990.9,54.5,10,6.9
72434013994,3/2/22,32.1,0,22.9,82,37.9,13,0,1017.2,999.9,991.5,58.4,10,4.7
72434013994,3/3/22,33.5,0,22,82,37.9,14,0,1021.4,999.9,996.5,52.7,9.2,8.8
72434013994,3/4/22,28.4,0,19,62.1,32,12,0,1025.6,999.9,998.7,43.1,10,9.4
72434013994,3/5/22,44.6,0,35,78.1,51.1,25.1,0,1013.9,999.9,987.9,62.8,10,11.7
72434013994,3/6/22,41.9,10010,33,78.1,43,19,0.04,1014.8,999.9,989.2,55.3,10,10.6
72434013994,3/7/22,32.6,11010,26,64.9,34,17.1,1.66,1017.3,999.9,990.3,39.2,7.9,11.6
72434013994,3/8/22,22.2,0,15.9,43,28,11.1,0.01,1024.9,999.9,997.8,34.8,10,4.4
72434013994,3/9/22,27.1,0,15.9,53.1,28.2,11.1,0,1018.3,999.9,992,41.9,9.9,4.9
72434013994,3/10/22,24.8,0,999.9,53.1,30,12,0,1021.7,999.9,995.4,37.3,10,7.8
72434013994,3/11/22,21.5,1000,22,39.9,24.8,14,0.06,1021.6,1.2,994.9,30.2,8.8,10.1
72434013994,3/12/22,2.5,0,28.9,34,14,19,0.02,1026.5,999.9,999.4,24.2,10,13.4
72434013994,3/13/22,12.8,0,24.1,70,15.1,17.1,0,1020.4,999.9,993.4,45,10,8.4
72434013994,3/14/22,27.8,0,26,70,32,15,0,1019.2,999.9,993.6,56.6,10,10.1
72434013994,3/15/22,43.2,0,22,70,43,15,0,1021.2,999.9,995.7,56.8,10,4.7
72434013994,3/16/22,42.7,0,18.1,75,43,12,0,1016.5,999.9,990.6,61.3,10,5.5
72434013994,3/17/22,47.2,0,18.1,78.1,46,14,0,1010.7,999.9,985.6,66.1,10,6.8
72434013994,3/18/22,50.8,10000,32.1,78.1,55,17.1,0.02,1005.9,999.9,980.2,61.8,10,9.9
72434013994,3/19/22,37.6,10000,28.9,64.9,39,19,0.23,1012.5,999.9,985.9,47.8,9,14.6
72434013994,3/20/22,28.5,0,17.1,75,37.9,9.9,0.06,1020.7,999.9,994.9,54.3,10,4.5
72434013994,3/21/22,34,0,28,75.9,55,21,0,1018.6,999.9,993,64.5,10,10.5
72434013994,3/22/22,47.6,10010,42,77,52,28.9,0.55,1008.1,999.9,982.5,57.2,9.3,14.7
72434013994,3/23/22,47.6,10000,25.1,59,44.1,17.1,0.1,1000.6,999.9,975,52.3,8.8,8.6
72434013994,3/24/22,36.8,10000,20,55,37.9,15,0.19,1008.7,999.9,983,42,9.4,10.9
72434013994,3/25/22,34.7,0,33,59,39,21,0.06,1013.5,999.9,987.4,46.2,10,11.2
72434013994,3/26/22,20.4,0,32.1,59,37.9,22.9,0,1015.5,999.9,989.8,46.9,10,14.7
72434013994,3/27/22,16.5,0,17.1,54,30.9,11.1,0,1022.4,999.9,996.3,39.7,10,7.6
72434013994,3/28/22,16.5,0,22,48.9,31.1,15,0,1024.2,999.9,997.7,41.6,10,7.2
72434013994,3/29/22,25.9,0,29.9,71.1,36,22.9,0,1016.4,999.9,989.4,49.2,10,14.4
72434013994,3/30/22,54.7,10000,32.1,71.1,42.1,22,0.01,999.3,999.9,972.7,64.1,7.9,9.4
72434013994,3/31/22,34.9,11000,28.9,53.1,37.4,20,1.83,1001.1,999.9,976.2,41.6,8.7,13.8
72434013994,4/1/22,26.7,11000,999.9,52,32,13,0.02,1016.9,999.9,991.1,40.4,10,6.2
72434013994,4/2/22,33.9,0,29.9,66.9,32,19,0,1017.2,999.9,990.9,49.1,10,10.8
72434013994,4/3/22,32.9,0,17.1,68,39,12,0,1017.9,999.9,991.9,52.2,10,3.6
72434013994,4/4/22,39.4,10000,24.1,68,39,15,0.03,1012.1,999.9,986.7,59,10,9.8
72434013994,4/5/22,44.6,10000,21,72,48,15.9,0.32,1005.7,999.9,980,55.5,8.6,8.7
72434013994,4/6/22,43.7,10000,34,72,46,25.1,0.65,1003.5,999.9,978.2,57.2,9.4,13.6
72434013994,4/7/22,28.9,10000,32.1,64.9,43,22,0.19,1008,999.9,982.5,49.3,10,14.6
72434013994,4/8/22,31.3,11000,26,52,35.1,17.1,0.06,1009.4,999.9,983.7,39.8,9.3,12.8
72434013994,4/9/22,27.9,10000,22,59,34,14,0.02,1014.2,999.9,988,44.8,10,8.6
72434013994,4/10/22,33.1,0,33,78.1,34,22,0,1009.4,999.9,983.1,55.6,10,12.3
72434013994,4/11/22,47.5,10010,20,78.1,41,15,0.07,1007.7,999.9,983.5,62.8,9.8,5.5
72434013994,4/12/22,52.8,10000,31.1,78.1,48,18.1,0.09,1011.5,999.9,985.5,58.7,8.8,8
72434013994,4/13/22,57.9,10010,35,78.1,44.1,25.1,0,1002.6,999.9,977.8,68.3,8.5,14.5
72434013994,4/14/22,30.7,10000,32.1,72,37,22,0.78,1015.5,999.9,989.7,47.5,9.9,12.8
72434013994,4/15/22,31.8,10000,29.9,69.1,37,19,0,1014.9,999.9,989.1,56.7,10,8.2
72434013994,4/16/22,31.2,0,20,69.1,41,13,0,1018.8,999.9,993.6,51.2,10,9.3
72434013994,4/17/22,27.9,10010,20,59,41,14,0,1022.2,999.9,995.9,46.9,9.6,8.9
72434013994,4/18/22,33.8,10000,32.1,55,39,22,0.33,1022.4,999.9,996.1,44.3,9.3,12.1
72434013994,4/19/22,23.2,0,22.9,57.9,33.1,18.1,0,1025.5,999.9,999,44.5,10,5.5
72434013994,4/20/22,37.3,10000,31.1,66,33.1,19,0.09,1018.3,999.9,991.7,52.9,9.3,12.5
72434013994,4/21/22,51.6,10000,33,75,46.9,17.1,0.16,1020.1,999.9,994.3,60.8,8.7,7.7
72434013994,4/22/22,59,10010,29.9,86,54,19,0.01,1021.9,999.9,997.1,71.8,9.7,12.2
72434013994,4/23/22,54.7,0,36.9,87.1,64,24.1,0,1012.6,999.9,988,77.5,10,15.6
72434013994,4/24/22,59.9,10000,35,87.1,64,21,0.01,1010,999.9,985.8,75.2,10,14.2
72434013994,4/25/22,46.9,110010,24.1,79,53.1,17.1,0.92,1018.4,999.9,993.1,58.1,9.3,9.2
72434013994,4/26/22,31.2,0,20,62.1,39,14,0.04,1027.8,999.9,1.9,49.9,10,6.3
72434013994,4/27/22,32.3,0,19,77,39,13,0,1024.5,999.9,998.2,58.7,10,5.6
72434013994,4/28/22,39.3,10000,999.9,77,43,13,0,1018.1,999.9,992.8,64.6,10,8.4
72434013994,4/29/22,51.6,10010,31.1,72,55.9,21,0.04,1013.8,999.9,988.3,61.9,9.9,7.6
72434013994,4/30/22,56.2,10010,33,81,57.9,20,0.12,1005.9,999.9,981,67.7,9.9,12.3
72434013994,5/1/22,43.3,0,28.9,81,54,18.1,0.03,1010.5,999.9,985.9,63.5,10,13.6
72434013994,5/2/22,44.1,10000,999.9,72,48.9,14,0,1016.7,999.9,991.2,58.7,10,5.7
72434013994,5/3/22,54.6,10010,26,66.9,48.9,19,0.52,1009.6,999.9,983.8,61,9.4,11
72434013994,5/4/22,47.1,10000,999.9,66.9,51.1,12,0.15,1019.9,999.9,994.3,54.3,9.5,6.2
72434013994,5/5/22,51.8,10000,21,62.1,51.1,14,1.02,1015.3,999.9,989.4,56.5,5.5,6.8
72434013994,5/6/22,52.3,10000,20,60.1,53.6,14,0.97,1007.6,999.9,981.4,56.2,8.4,8.1
72434013994,5/7/22,47.6,10000,20,72,50,13,0.07,1011.8,999.9,986.3,59.2,9.7,7.7
72434013994,5/8/22,47.8,0,29.9,75,50,19,0,1011.1,999.9,985.7,63.5,10,10.8
72434013994,5/9/22,57.3,0,34,87.1,53.1,22,0,1008,999.9,983.4,74.3,10,14.3
72434013994,5/10/22,68.1,0,27,90,66,14,0,1013.7,999.9,989.4,79.8,9.5,9.6
72434013994,5/11/22,70.8,0,999.9,93.9,71.1,12,0,1017.1,999.9,992.8,84.5,9.5,5.4
72434013994,5/12/22,69.6,0,20,93.9,73,11.1,0,1015.7,999.9,991.3,85.2,9.3,6.8
72434013994,5/13/22,61.9,0,999.9,93,71.1,14,0,1012.2,999.9,987.7,81.8,10,8.1
72434013994,5/14/22,60.8,10010,999.9,90,66.9,9.9,0,1011.9,999.9,987.5,79,10,4
72434013994,5/15/22,60.6,0,21,90,66.9,14,0,1012,999.9,987.5,77.3,10,5.5
72434013994,5/16/22,46.9,0,22,86,55.9,15,0,1013.9,999.9,989.2,70,10,8.5
72434013994,5/17/22,49.5,0,22,84,55.9,12,0,1014.6,999.9,989.8,73.3,10,4.5
72434013994,5/18/22,59.6,10010,35.9,84,60.1,27,0.68,1009.6,999.9,984.8,73.3,9.1,9.6
72434013994,5/19/22,63.8,10010,42,82.9,63,20,0.02,1005.6,999.9,980.5,73.1,9.7,6.3
72434013994,5/20/22,65.6,0,28.9,89.1,63,18.1,0.2,998.8,999.9,974.7,76.5,9.9,10.5
72434013994,5/21/22,58.6,10010,38.1,84.9,55.4,27,0.46,1008.5,999.9,986.6,66.8,8.9,10.8
72434013994,5/22/22,46.6,0,17.1,73,53.1,12,1.13,1024.2,999.9,998.5,58.4,10,8
72434013994,5/23/22,43.2,0,24.1,69.1,50,15.9,0,1024.9,999.9,999,59.5,10,8.1
72434013994,5/24/22,50,0,22,73,50,15.9,0,1018.3,999.9,992.6,63.5,10,8.1
72434013994,5/25/22,63.4,10010,35,81,55,25.1,0.02,1009.2,999.9,983.9,71.7,9.5,12.6
72434013994,5/26/22,60.8,10000,27,81,61,14,0.99,1006.1,999.9,981.4,68.9,9.7,8.9
72434013994,5/27/22,55,10000,20,73,57.9,13,0.14,1009.8,999.9,984.9,60.4,9.7,8.7
72434013994,5/28/22,54.1,0,26,81,52,12,0.01,1013,999.9,987.9,65.4,9.6,4.7
72434013994,5/29/22,58.9,0,32.1,87.1,52,21,0,1008.5,999.9,983.8,75,10,12.3
72434013994,5/30/22,61.2,0,28.9,89.1,64.9,21,0,1008.3,999.9,984,79.5,10,13.2
72434013994,5/31/22,63.7,0,24.1,90,69.1,15,0,1011.6,999.9,987.5,81.5,10,10.1
72434013994,6/1/22,66.8,10010,22.9,90,69.1,15,0.29,1013.3,999.9,989.1,77.5,9.8,6.8
72434013994,6/2/22,57.7,10000,17.1,81,63,12,0.16,1014.1,999.9,989.4,71.2,10,7.5
72434013994,6/3/22,48.6,0,999.9,84.9,55,11.1,0,1015.2,999.9,990.2,69.9,10,5.1
72434013994,6/4/22,51.2,0,999.9,86,55,8.9,0,1013.5,999.9,988.7,75,10,3.2
72434013994,6/5/22,55.2,10000,15.9,87.1,62.1,9.9,0,1009.4,999.9,984.8,77.5,10,4.3
72434013994,6/6/22,59,10000,999.9,87.1,69.1,15,0,1005.9,999.9,981.5,75.9,10,7.6
72434013994,6/7/22,64.4,0,999.9,86,66,8.9,0,1008.8,999.9,984.5,74.3,9.8,4.1
72434013994,6/8/22,63.7,10010,29.9,86,66,22.9,0.42,1010.3,999.9,985.4,75.5,9.7,8.2
72434013994,6/9/22,57.2,0,15,84,61,8.9,0,1014.7,999.9,990.1,73.3,10,4.8
72434013994,6/10/22,59.3,10000,999.9,84,61,9.9,0.1,1012.8,999.9,987.9,74,9.9,4.8
72434013994,6/11/22,64.8,10000,15.9,90,66,9.9,0,1008.9,999.9,984.3,76.8,9.9,4.3
72434013994,6/12/22,71.3,0,999.9,93.9,66,11.1,0,1006.2,999.9,982.2,84.8,10,6.8
72434013994,6/13/22,75.8,0,22,100,77,15.9,0,1008,999.9,984.1,89.4,9.9,8.7
72434013994,6/14/22,73.2,0,21,100,81,15,0,1009.8,999.9,986,90.1,9.9,11.8
72434013994,6/15/22,69.1,0,25.1,99,80.1,14,0,1011.7,999.9,987.8,88.9,9.5,10.4
72434013994,6/16/22,71.3,0,19,98.1,80.1,14,0,1014.4,999.9,990.4,88.6,9.6,10.2
72434013994,6/17/22,71.5,10010,52.1,97,73,28.9,0.27,1015.6,999.9,991.5,85.2,10,6.7
72434013994,6/18/22,62.8,0,18.1,91.9,72,12,0.07,1018.1,999.9,993.9,80.9,10,6.9
72434013994,6/19/22,50.9,0,999.9,89.1,63,12,0,1021.1,999.9,996.4,76,10,6.4
72434013994,6/20/22,53.6,0,15,96.1,63,9.9,0,1019.8,999.9,995.3,81.9,10,6.3
72434013994,6/21/22,61.7,0,15.9,98.1,68,11.1,0,1018.9,999.9,994.6,86.5,10,6.8
72434013994,6/22/22,66.7,0,14,98.1,75,11.1,0,1017.7,999.9,993.4,86.2,10,6.9
72434013994,6/23/22,59.4,0,999.9,93,69.1,9.9,0,1016.5,999.9,991.9,81.5,10,4.2
72434013994,6/24/22,59.3,0,999.9,93,69.1,9.9,0,1014.7,999.9,990.3,82.2,10,3.6
72434013994,6/25/22,63.3,0,15.9,99,70,9.9,0,1013.3,999.9,989,86.1,10,7.3
72434013994,6/26/22,67.8,10010,27,99,66.9,15,0.1,1016.9,999.9,992.5,81.1,9.1,9.3
72434013994,6/27/22,51.5,0,18.1,84,61,13,0.38,1023.4,999.9,998.6,73.7,10,6
72434013994,6/28/22,51.8,0,999.9,84.9,61,9.9,0,1023.2,999.9,998.2,75.3,10,3.2
72434013994,6/29/22,53,0,999.9,91,64,8,0,1021.4,999.9,996.7,79.5,10,4.8
72434013994,6/30/22,56.1,0,18.1,95,66.9,12,0,1018.3,999.9,993.5,83.2,10,6.4
72434013994,7/1/22,65.9,0,27,98.1,73,14,0,1014,999.9,989.8,87.5,10,7.4
72434013994,7/2/22,68.8,10000,999.9,98.1,73.9,9.9,0,1014.5,999.9,990.6,78.3,9.5,5.9
72434013994,7/3/22,68.2,10000,999.9,89.1,73,11.1,0.3,1016.9,999.9,992.4,78.8,10,5.8
72434013994,7/4/22,70.2,0,18.1,97,73,11.1,0,1015.9,999.9,991.4,85.7,10,7.7
72434013994,7/5/22,72.5,0,20,100.9,75.9,13,0,1012.7,999.9,988.5,91.5,10,8.2
72434013994,7/6/22,71.9,0,18.1,100.9,80.1,13,0,1011.3,999.9,987.5,88.8,10,6.6
72434013994,7/7/22,72.7,10010,19,93,75.9,13,0.1,1013.1,999.9,989,82.7,9.7,7.3
72434013994,7/8/22,72.7,10010,20,96.1,75.9,12,0.03,1012,999.9,987.8,84.2,9.7,5.8
72434013994,7/9/22,71.8,10010,20,96.1,72,14,0.21,1014.6,999.9,990.7,77.8,7.2,7.5
72434013994,7/10/22,64.5,0,999.9,89.1,68,8.9,0.54,1017.8,999.9,992.9,78.5,10,4.4
72434013994,7/11/22,64.2,0,999.9,99,68,11.1,0,1011.6,999.9,987,84.3,10,6.3
72434013994,7/12/22,64.8,10010,17.1,99,72,11.1,0.06,1012,999.9,988.1,84,10,7.5
72434013994,7/13/22,59.8,0,999.9,91.9,69.1,8.9,0,1015.6,999.9,991.2,80.4,10,3.9
72434013994,7/14/22,61.7,0,999.9,97,69.1,11.1,0,1017.1,999.9,992.8,84.9,10,4.3
72434013994,7/15/22,62.7,10000,999.9,97,73,12,0,1017.1,999.9,992.6,84.6,10,7
72434013994,7/16/22,63.1,0,25.1,102.9,78.1,17.1,0,1011.9,999.9,987.5,90.3,10,11.4
72434013994,7/17/22,74.2,10000,999.9,102.9,75,9.9,0.09,1010.9,999.9,986.8,80,8.1,4.5
72434013994,7/18/22,69.9,0,999.9,91,71.1,7,0.65,1012,999.9,987.5,79.1,8.7,3.5
72434013994,7/19/22,67,0,17.1,93.9,71.1,12,0,1011,999.9,986.5,84.2,10,6.3
72434013994,7/20/22,70.6,0,21,100,73.9,14,0,1006.2,999.9,982.2,88.9,10,8.5
72434013994,7/21/22,64.8,0,14,100,72,12,0,1009.9,999.9,986,85,10,5.3
72434013994,7/22/22,65.6,0,999.9,100.9,72,11.1,0,1012.6,999.9,988.6,87.6,10,3.4
72434013994,7/23/22,67,0,24.1,105.1,73.9,18.1,0,1013.2,999.9,989.2,92.7,9.9,10.3
72434013994,7/24/22,70.1,0,24.1,105.1,82,15.9,0,1011.7,999.9,987.7,91.4,10,12.1
72434013994,7/25/22,65.8,10000,999.9,102.9,72,13,0,1015.5,999.9,991.4,78.6,10,5.6
72434013994,7/26/22,64.9,10010,41,81,60.1,19,7.99,1014.6,999.9,989.9,70.4,6.7,7.2
72434013994,7/27/22,70.9,10010,28,84,60.1,20,1.98,1013.2,999.9,988.5,77.2,8.9,7.5
72434013994,7/28/22,71.2,10010,999.9,90,72,9.9,0.9,1012.9,999.9,988.6,79.4,9.5,3.5
72434013994,7/29/22,62.8,0,999.9,90,66.9,8.9,0.27,1017.2,999.9,992.4,76.1,10,4.8
72434013994,7/30/22,59.9,0,999.9,84,66.9,8.9,0,1020.4,999.9,995.6,75.5,10,3.8
72434013994,7/31/22,65.9,0,999.9,87.1,66.9,9.9,0,1017.9,999.9,993,77.8,10,6.4
72434013994,8/1/22,72,0,19,98.1,77,13,0,1013.6,999.9,989.1,85.2,10,9.6